"WorkID","Title","Author","Year","NumBorrowers","x","y"
-221969953,"Banner of Blue, The","Crockett","1903",13,11.1079089065416,24.9020938595320
-2113179128,"Our New Selection!","Rudd","1903",55,17.3210025585424,-29.6562998811032
15960,"Mr Horrocks Purser","Hyne","1902",23,-13.0110281123137,13.2847720942967
1864577657,"Magpie Jacket, The","Gould","1896",27,34.3635023818144,27.3803068140847
1777147615,"Marty","Winter","1903",37,-6.6930467947038,-37.8099230424915
3806,"Count of Monte Christo, The","Dumas","",3,29.3326962932948,2.97119640224879
1,"David Copperfield","Dickens","",3,32.9489006316959,-28.1195825359734
1529422135,"Mohawks","Braddon","1886",4,63.507184750931,-21.3328773375166
-1900821874,"Faith of Men and Other Stories, The","London","1904",22,-20.8078106466297,-8.90884261413852
1084132890,"Kitty Costello","Alexander","1904",53,-22.8115201547884,-16.6453571590840
20128,"Nada the Lily","Haggard","1892",15,58.268434022845,-11.1111177405418
3681,"Bottom of the Well, The","Adams","",45,-35.6792843310185,27.219368270918
3564,"Queen of the Rushes: A Tale of the Welsh Revival","Raine","1906",39,-48.773435944798,26.1431737770975
-1054841824,"Ziska","Corelli","1897",28,-23.4116009453278,-38.0830364249274
4149,"God and the Man","Buchanan","",11,50.5961674241609,-30.8944347098456
3735,"Garthowen","Raine","",33,-33.9746278115439,-20.6380409561458
-1652056669,"Running Water","Mason","1907",22,-44.9744394645746,10.3339778151378
414267312,"One in Charity","Hocking","1893",31,32.2172807863406,-39.1502949846623
5651,"Nest of Linnets, A","Moore","",14,20.1485156104211,-12.9331543973735
1311813574,"Virginians, The","Thackeray","1857",1,32.2030329619591,-3.49032289131871
16112,"Shorty McCabe","Ford","",31,-45.1925321150285,5.94994080361587
20394,"Soul of Dominic Wildthorne, The","Hocking","1908",39,-42.2699123404759,33.3619647463933
-875160437,"Rising Fortunes","Oxenham","1907",22,-42.2271976708604,-9.0956199762753
20228732,"Last of the Mohicans, The","Cooper","1826",7,23.8555897856839,5.81765061383422
-1803346962,"Brunhilde's Paying Guest","Fuller","1907",32,-38.3756863317085,35.3505814166336
-223440270,"Sheilah McLeod","Boothby","1897",43,37.3806563208847,-25.3414719660277
-1424790954,"St Jude's","Maclaren","1907",20,-26.5343861969437,10.2100201645312
257677773,"Boy in Green, The","Gould","1906",47,7.01281778206754,-15.1801057560610
202468735,"Day Will Come, The","Braddon","1889",4,57.251759331158,-18.4590226574322
-993440859,"Lewis Rand","Johnston","1908",35,-31.5977467456565,27.1192019377956
-1075540956,"Long Road, The","Oxenham","1907",14,-41.4836172727867,7.20381850350928
573071413,"Quadroon, The","Reid","1856",4,46.2389839911568,6.28698323424207
20816,"Ghost Camp, The","Boldrewood","",30,12.8140524708201,36.5754000990981
20486,"Travers: A Story of the San Francisco Earthquake","Dean","1908",34,-56.5456866109693,23.1117520360196
-1975363357,"Conspirators","Oppenheim","1907",34,-46.2770285234732,40.1186223846158
20576,"Woman Intervenes, A","Barr","",31,20.5121981835710,26.6149842786243
-1002613009,"Driscoll, King of Scouts","Hales","1901",23,16.3077194055851,-1.62808314542586
-992109134,"Barriers Burned Away","Roe","1872",18,62.0446467452921,-17.3003879684448
15973,"Sandy Carmichael","Hyne","",19,-38.2099632727746,0.099630531504913
20028,"Main Chance, The","Nicholson","",36,-45.2339287965574,2.15259338019989
3622,"Barlasch of the Guard","Merriman","1903",24,7.04741144117419,8.88824832651439
2000521587,"Scenes of Clerical Life","Eliot","1858",1,33.9693635188323,11.0645760887138
1330,"Ross Durham, Surgeon","Lyall","",29,-46.2142377594368,21.0702458614558
5246,"Deemster, The","Caine","1887",27,50.9696719288187,-18.2302739163099
1296866559,"Last Days of Pompeii, The","Lytton","1834",4,57.0761356639739,-32.0975181301508
675503518,"Consummate Scoundrel, A","Boothby","1904",49,11.0602789382925,-4.24328605490287
115560900,"Black Cross, The","Briggs","1909",38,-25.5159620071865,25.5541002144762
2624,"Show Girl, The","Pemberton","",31,-28.2008021352363,41.8287995416174
-217169642,"Basil","Collins","1852",2,34.8293505513816,-2.98783451820086
127312870,"Newton Forster","Marryat","1832",1,49.0396795494452,5.68083804356789
20315,"Round the Red Lamp","Doyle","",10,21.2338836116303,-27.8603192006039
4242,"Ivanhoe: A Romance","Scott","1820",7,25.8574529875055,-3.83188808733638
19962,"King's Own","Marryat","1838",5,42.0902291540873,7.19983786517358
20404,"Squatter's Dream, The","Boldrewood","1890",28,59.2030512271978,-15.7293889134230
-1238857442,"Garden of Lies, The","Forman","1902",30,-14.5784073506960,-0.307584512297377
-1546612848,"Missionary, The","Griffith","1902",60,-7.69772827844202,-14.9587385822598
1796437770,"Crittenden","Fox","1900",43,-30.1151155805958,-24.9175892719884
1299,"Mary Garth","Swan","",38,-35.131144623813,-22.7497999726950
-1287209163,"Via Crucis","Crawford","1898",8,25.9857984737983,-22.4816835331662
2036705423,"Little Shepherd of Kingdom Come, The","Fox","1902",69,-13.4357289048787,-8.49760775833187
2054962527,"Digby Grand","Whyte-Melville","1853",13,1.86480452140772,12.1619857408670
3712,"By Wit of Woman","Marchmont","",45,-37.5426232672269,5.3401522702888
20042,"Man Who Rose Again, The","Hocking","",34,-36.0637855921210,-0.267912576674056
-569907600,"Maker of History, A","Oppenheim","1905",23,-22.0051971528593,-9.93782216703058
3124,"Prospector, The","Connor","",43,-25.6745016282898,-11.4049168920283
-1495130671,"Ironmaster's Daughter, The","Clay","1906",41,-37.9741722780254,-21.9990673703376
-1561099026,"Man's Fear, A","Drummond","1903",28,-8.74449586595884,13.7291088047188
1313260458,"John Chilcotte, MP","Thurston","1904",21,1.51605355004514,22.0935446354752
446731591,"Mother's Son, A","Fry","1907",32,-55.0423418898622,19.4921399530687
20796,"Windsor Castle","Ainsworth","1843",2,34.3752039381525,5.52863294048692
822185511,"Wilson's Tales of the Borders","Wilson","1857",19,20.8845912289984,10.8958304967916
1337291484,"Wild Huntress, The","Reid","1855",14,20.2473550872681,-0.284802898979456
1030600657,"Perjurer, The","Norris","1909",20,-25.6557252210756,31.6041703024648
-137806521,"Light-Fingered Gentry","Phillips","1907",42,-29.2216111752702,37.7964308568306
20309,"Romola","Eliot","1864",2,53.1207309015896,-4.32959478231217
1896709993,"Calling of Dan Matthews, The","Wright","1909",21,16.8762305283679,17.2799323712057
-99763347,"Criminal Croesus, A","Griffith","1904",24,-5.47648037271373,8.88765022036214
-1807085273,"Lochinvar","Crockett","1897",4,41.1336698408756,-27.8041084266780
5450,"George Canterbury's Will","Wood","",15,61.9937856873445,-23.7403795272934
1817343039,"Master of Beechwood, The","Sergeant","1902",24,-13.3890603505203,-40.4352023816028
1660006030,"Southerners, The","Brady","1905",66,0.333581335692071,-35.3227776970272
16411,"Riverman, The","White","",31,-29.8807657162206,39.5214443096765
878850932,"Adventures of Arthur O'Leary, The","Lever","1844",7,40.2296837450894,0.468521957843762
-493241832,"Anthea's Way","Sergeant","1903",23,-37.7411878794372,-7.39012606970909
-895209630,"Esther Waters","Moore","1894",40,59.8991901914531,-13.5187224544590
-117151922,"Glengarry Days","Connor","1902",60,-5.92884027456644,-35.3315256554185
5362,"Fate of Endelloc, The","Hocking","",58,-2.19746208528756,-18.135421786793
3638,"Before Adam","London","",15,-25.8621970356521,7.06940852030849
-1069803271,"Fordham's Feud","Mitford","1897",28,-29.166729451346,7.23822250602657
1377520262,"Under the Iron Flail","Oxenham","1902",34,11.1412353203444,-8.69855259905398
-1873945069,"Red Court Farm, The","Wood","1868",33,-13.6317668808703,-47.1358345655998
-706818185,"Romance of Jenny Harlowe, The","Russell","1890",6,47.5739267592442,-6.28629082050712
-1734021530,"Wrong Box, The","Stevenson","1889",18,34.5569685779785,-12.6233633753647
1698666637,"Pennycomequicks, The","Baring-Gould","1890",26,-25.2439451053368,11.1661750230956
-978139911,"Strong Man's Vow, A","Hocking","1907",42,-44.3661950693001,18.3435281856888
2128,"Great Expectations","Dickens","",5,41.7969187462609,-8.35080806253757
-1286386564,"Doctor Luke of the Labrador","Duncan","1904",20,-12.2832801575570,5.03487648837165
1019813511,"Light That Failed, The","Kipling","1891",14,23.635062354898,15.5161468116908
568932450,"Katrine","Lane","1909",32,-38.0500247253796,39.1145961822908
5406,"Forging the Blades","Mitford","",16,-33.8486319254437,40.215114403251
-554828228,"Royal Georgie","Baring-Gould","1901",20,-10.1985644985853,0.0581533378099175
447730203,"Raymond's Ride","Gould","1903",62,-18.7544244786638,-16.2641614429698
1192913671,"Lady Betty across the Water","Williamson","1906",26,-1.71645296241104,10.8429591208277
2124699078,"Awakening of Anthony Weir, The","Hocking","1901",47,-18.1841136923920,-31.4918707076202
20463,"Three Musketeers, The","Dumas","",8,29.8412150568009,-9.47210128455611
-1315746537,"Last Hope, The","Merriman","1904",28,1.28851863479044,30.8496971703780
-723135260,"Dark Horse, The","Gould","1899",22,34.4694927656155,22.7116002084497
1256207328,"Marooned","Russell","1889",10,47.9292438849582,-0.899974217159778
-1066310288,"Rajah's Racer, The","Gould","1905",21,8.26712785967137,-18.3587647446181
15562,"My Lost Self","Marchmont","1908",39,-46.962485892199,24.5587108196182
3775,"Cloister and the Hearth, The","Reade","1861",6,45.1063657033895,-28.2636663772685
-2104083745,"War-Trail, The","Reid","1857",10,42.0622321135667,4.03391653163072
2129,"Barnaby Rudge","Dickens","1841",4,27.6967934519415,6.93574695165227
1325863389,"Jack Spurlock, Prodigal","Lorimer","1908",29,-41.9472295172071,35.0496077694015
645009710,"Queen of Night, The","Hill","1896",19,-2.37463886281814,7.66962983134781
350749724,"John Burt","Adams","",31,-30.8144574062178,-11.0114283646479
2131,"Tess of the D'Urbervilles","Hardy","1891",10,58.1481441019982,-9.05416937789192
1125259823,"Boy from Cuba, The","Rhoades","1900",38,21.1704318944624,5.36747823258015
20048,"Martin Chuzzlewit","Dickens","",4,52.6793322121439,-28.0103389217648
5331,"Eric Brighteyes","Haggard","",15,54.5352942212512,-3.66749317206673
21105,"Holmby House: A Tale of Old Northamptonshire","Whyte-Melville","1860",1,30.3558884775807,12.3440587596443
19948,"Johnny Ludlow","Wood","",14,26.6695102820410,-11.4888282076176
-1821469957,"Night and Morning","Lytton","1841",6,26.2340807611233,-8.55638907831147
894,"Childerbridge Mystery, The","Boothby","",49,-0.833543497552432,-8.47694914961629
142426981,"Daltons, The","Lever","1852",1,29.6216174993839,-3.35901079623384
19987,"Les Miserables","Hugo","",12,23.2774143404484,3.55842233344009
3791,"Connie Burt","Boothby","",71,1.6146546737114,-24.6056113363312
-580014552,"Briar and Palm","Swan","1887",53,-6.87253935706015,-38.4775882157752
914,"Lust of Hate, The","Boothby","",39,-18.6191464797900,-25.0978527253111
881703171,"Master of the Mine, The","Buchanan","1891",28,54.0434175028587,-13.097273814498
1418132798,"Grey Wig, The","Zangwill","1903",15,11.2683599785405,19.6349723404104
2941,"Jane Cable","McCutcheon","1906",47,-34.3283558256642,3.32253159879278
269756263,"Rue with a Difference","Carey","1900",36,-28.6740654090389,-30.0706261510911
-9998224,"First Violin, The","Fothergill","1903",15,-30.6844914039345,-17.2031421227213
15764,"Coniston","Churchill","",24,-27.4713972651090,6.22205506034088
-93761987,"My Kalulu, Prince, King and Slave","Stanley","1873",3,55.8946874056524,-10.3036373427565
1248626409,"French Master, The","Barrett","1903",26,-32.6033273320212,11.1965414834001
1151185777,"Silent Places, The","White","1904",44,-28.4856354278877,36.2951253787184
20570,"Within the Maze","Wood","1872",40,-14.6652319293299,-49.6572831706851
-1499887260,"Wizard's Light, The","Hocking","1902",25,-2.60639219434634,-2.06625221318825
20205,"Poacher, The","Marryat","1841",1,48.9790515548706,4.85384076512557
19870,"Harry Coverdale's Courtship","Smedley","",10,20.3940662310356,-9.3167334755211
701011270,"Not So Bad after All","Gould","1897",21,28.6807594830301,25.2094548926458
3632,"Beside the Bonnie Brier Bush","Maclaren","1894",6,35.8186515645576,-41.5472849918113
24011421,"Oswald Cray","Wood","1864",21,-13.1232809211580,-46.6968722738826
2117257551,"Driven Back to Eden","Roe","1886",5,66.0457684229504,-16.7269501632681
229137167,"Marriage of Lydia Mainwaring, The","Sergeant","1902",37,-18.9210715215763,-23.0271934415942
5415,"Four-Leaved Clover","Gray","",29,-2.75040457488393,-29.7007733887550
-498247323,"Spy Company, The","Gunter","1903",50,-6.9908591570754,-21.0313095690309
-907829352,"Tree of Heaven, The","Chambers","1907",27,-52.3726599238012,14.8258259512525
-749329565,"Mr Barnes of New York","Gunter","1887",39,10.4579810173413,-10.4109398353936
3482,"Waters of Jordan, The","Vachell","",38,-35.8510632193070,38.7466211733292
-1014947624,"Two Years Ago","Kingsley","1857",3,30.6030842011793,14.5482939927498
20038,"Man of Mark, A","Hope","",13,21.7671324608936,-6.00579915683915
4946,"Mill on the Floss, The","Eliot","1860",3,30.8351861006644,-5.85085309218929
55345143,"Wooing of Esther Gray, The","Tracy","1902",37,3.75610792038012,-5.01514061268387
415311453,"Sealskin Cloak, The","Boldrewood","1896",3,44.8418864708677,-25.9977428436218
-1607419416,"Socialist, The","Thorne","1909",20,-34.8546797051651,39.6170618958655
-2132186735,"Speckled Bird, A","Wilson","1902",49,1.57733908597405,6.0013926577256
-162302613,"Young Voyageurs, The","Reid","1853",6,36.1139176268699,0.90535901310886
1053385602,"Grey Cloak, The","MacGrath","1904",30,-37.3510334496507,-7.91137331749472
1483318562,"Alice; or, the Mysteries","Lytton","1838",2,30.9520278710759,1.51162521719623
318985946,"Her Faithful Knight","Cooke","1908",28,-45.3327951319435,34.5328403369827
-558154145,"Gulliver's Travels","Swift","1726",4,41.1181790385781,7.35555155084115
3634,"Beautiful White Devil, The","Boothby","1896",43,2.79159633665767,-26.198714570671
21044,"Her Royal Highness, Woman","O'Rell","",12,-8.68044725752288,-7.14041474291935
-2134919697,"Road-Builders, The","Merwin","1905",25,-20.5894990594346,-9.16618075625515
1881797305,"Clipper of the Clouds","Verne","1887",5,48.3946713502796,-10.1918529316975
-11425864,"Romance of War, The","Grant","1845",7,41.5402615290265,-38.824982796277
20545,"Where Billows Roll","Raine","1909",24,-23.7330710495451,31.5560072823907
-492359368,"Hearts and Masks","McGrath","1905",38,-48.3628567399696,0.851107107994855
1753206187,"Pit, The","Norris","1903",33,-14.6516171859781,5.25462150219447
-1080300340,"Marie-ÃƒË†ve","Bower","1903",29,-23.4143602840912,-3.04335043411665
19934,"Japhet in Search of a Father","Marryat","1836",2,49.8024607147457,6.17453238812069
20482,"Trail of the Lonesome Pine, The","Fox","1908",38,-25.1224662286689,41.211596076945
1247361312,"White Wolf and Other Fireside Tales, The","Quiller-Couch","1902",24,6.4824322799085,-4.66811351134672
20770,"Dad in Politics","Rudd","",34,-51.7552057275366,26.8570523285889
5325,"Elusive Pimpernel, The","Orczy","",32,-32.4283349104622,49.498784858028
-1408336355,"Nyria","Praed","1904",21,6.37165741212597,15.7931926066366
20109,"Mr Marx's Secret","Oppenheim","",27,-40.6052516340428,44.1872598473916
20537,"Westward Ho!","Kingsley","1855",1,33.9776233466759,-1.26581865355336
-1741754252,"Beth Norvell: a Romance of the West","Parrish","1907",39,-32.7121094694651,-3.17417985423142
800,"Slaves of the Padishah, The","Jokai","",19,-27.0559714494686,7.05318703774398
20781,"Dawn","Haggard","",12,49.1722195438613,-14.4517827152768
20456,"Thelma","Corelli","",9,47.8027676554335,-21.1694482218413
1799115352,"Johanna","Croker","1903",24,9.56398914467497,-23.7207462091443
-972988757,"Thou Fool","Bell","1907",42,-52.2219613255818,19.9793460985373
99710621,"Jockey Jack","Gould","1892",27,34.6486472595475,31.6894590126072
1320844547,"Gayle Langford","Kramer","1907",31,-58.0023023892856,8.96807498523386
19935,"Jeanne of the Marshes","Oppenheim","",30,-19.8071585274975,40.1321120554611
1629977508,"Malincourt Keep","Sergeant","1904",40,1.96961178946610,-1.81690348293389
-1947387975,"In Low Water","Gould","1904",27,-0.228950322138836,-13.5285643787345
-1208085590,"Life for a Life, A","Mulock","1859",3,36.6567408496817,-2.19368009970703
705421382,"Her Own People","Croker","1903",29,-11.8176129618113,-15.0003562961861
1096518194,"Young YÃƒÂ¤gers, The","Reid","1857",6,36.9238502244079,3.04134253410150
-1410232671,"Passages from the Diary of a Late Physician","Warren","1832",1,25.3569594834534,7.97389130086003
3252,"Meg the Lady","Gallon","",47,-46.7774550935934,3.48878588208711
-683873487,"Queer Affair, A","Boothby","1903",54,-15.6599898564926,-24.4315223653554
-802139649,"Human Boy Again, The","Phillpotts","1908",22,-14.7319079146593,27.6136273866157
1463840189,"Settler, The","Connor","1909",23,-42.7887257013875,36.319042980298
20488,"Treasure Island","Stevenson","",14,19.0164822183720,7.97414642562166
355549790,"Life's Handicap","Kipling","1891",6,55.5579509725813,-7.37702878533359
859668090,"Sherrods, The","McCutcheon","1903",35,-14.1997315751702,2.81775619151132
3764,"Christian, The","Caine","",2,26.3736734845376,-28.8848417041401
3769,"Cinderella","Crockett","",26,2.97134366473675,21.6412745478486
-866950604,"Honey","Mathers","1902",20,-13.2085482147342,3.67299810123425
19955,"Kate Carnegie","Maclaren","1896",6,38.9295218237004,-25.2043862026505
15762,"Richard Carvel","Churchill","",16,9.3672580186648,-30.1005814524918
2681,"Scarlet Pimpernel, The","Orczy","",46,-37.5673165299513,3.57570785289943
20478,"To Right the Wrong","Lyall","",16,55.6760130909225,-19.7365246811158
5309,"East Lynne","Wood","1861",20,60.7908513997613,-21.9948266086873
1710531267,"My Novel","Lytton","1853",19,14.9025117019900,-11.7838536144861
-1836733960,"Blazed Trail Stories","White","1904",14,-12.8910373604214,6.10275249055829
-888585595,"Original Woman, The","Moore","1904",24,-15.5113013651867,16.9492339367005
1094622745,"Prodigal Father, The","Clouston","1909",32,-26.7342530936795,31.4975440155747
20431,"Survivor, The","Oppenheim","",60,-14.8043015878425,-15.4705404798640
2024345477,"Nancy Stair","Lane","1904",30,30.2633417966957,-25.6723435579980
-1788150609,"Anthony Overman","Michelson","1906",25,-45.920494436177,4.47899992281419
5276,"Doctor Nikola","Boothby","",37,17.4453400877648,-16.9651632767955
-276850325,"Infelice","Wilson","1889",14,68.642204753643,-11.7803030975327
579936819,"For Love or Crown","Marchmont","1901",21,-34.4378229904950,-18.582313037376
2944,"Man from Brodneys, The","McCutcheon","",29,-23.7698998475990,44.3969818529306
1623837723,"Boss, and How He Came to Rule New York, The","Lewis","1903",42,-31.2733125089773,31.7800113781514
-668880875,"Captain Fortune","Watson","1904",31,-11.6148674419174,4.14069063952577
893561703,"Man from Downing Street, The","Le Queux","1904",37,-7.46943925909065,12.7482988097470
-1151096046,"Denver's Double","Griffith","1901",24,-1.39003707838408,2.98801915440679
1608444099,"Cumberland Vendetta, A","Fox","1896",29,-18.7804015704596,-14.3543391644353
-464556341,"Dorrien of Cranston","Mitford","1903",21,-36.7888868944942,2.98966010394351
20367,"Silence of Dean Maitland, The","Gray","",18,53.473258664699,-10.8251158970708
1630359425,"Fortunes of the Colville Family, The","Smedley","1853",2,33.7159660213058,-5.20672364497144
1107694549,"Sam Slick's Wise Saws","Slick","1853",2,32.2661670431378,0.313123224243397
-564505614,"Blind Love","Collins","1889",10,64.540613868633,-21.0348687798232
1868114628,"Prince and the Pauper, The","Twain","1882",1,45.794387422195,-17.4723562192688
-2110757282,"Imposter, The","Bindloss","1905",40,-31.5824659700911,42.5633762882135
101586007,"Golden Rapids of High Life, The","Savage","1903",27,-23.8339477532485,-13.9465813026221
20062,"Master Christian, The","Corelli","",2,27.5980622220014,-29.8506561477531
20011,"Lost Square, The","Meade","",33,5.36967966647485,1.86627366899983
20211,"Port of Missing Men","Nicholson","",34,-59.3179796736197,9.58845080864005
1391453995,"Once!","Yorke","1892",35,-52.9202650672450,7.00608499557707
-1655511666,"McTodd","Hyne","1903",20,11.6154150384572,35.3931380967744
666113141,"Girl Who Had Nothing, The","Williamson","1905",51,-35.8460753950893,2.03481827615153
-270245354,"Raiders, The","Crockett","1894",2,51.7903568967501,-7.76126438434997
1296855996,"Waif's Progress, A","Broughton","1894",35,-38.0464697738452,7.6362369187525
-328884807,"Special Messenger","Chambers","1909",25,-25.3672683592565,30.5442658631436
19814,"Land of the Lost, The; a Tale of the New Zealand Gum Country","Satchell","1902",24,28.4562944369308,-36.0655101045654
-1928379278,"Uncommercial Traveller, The","Dickens","1861",1,28.6501302708192,1.29140684796979
1630658045,"Blue Ocean's Daughter, The","Brady","1908",34,-57.8025524815731,10.0642512756677
3114,"Doctor of Crow's Nest, The","Connor","1906",39,-35.633666302645,40.477428498439
19150,"David Harum: A Story of American Life","Westcott","",14,18.7808250943278,-36.8176658943807
-313835688,"Town and Bush","Gould","1896",32,31.0586668137646,30.9957059301358
468125966,"Ten Thousand a-Year","Warren","1841",1,26.0576222037160,-0.279653763091613
875144713,"Mettle of the Pasture, The","Allen","1903",24,-19.2078118623801,5.23123977431291
-676929927,"St Martin's Eve","Wood","1866",26,-12.2870953429957,-47.7715196231695
1382261419,"Eye for an Eye, An","Le Queux","1900",39,-12.4633204971682,-28.5225686133896
-1886877839,"King of the Ranges","Gould","1902",37,35.8684124113295,29.9692511792708
-2088170250,"Sign of the Cross, The","Barrett","",37,27.6965239444595,25.9118278308409
1361354386,"Double Barrelled Detective Story, A","Twain","1902",32,-11.9919562955564,14.7205191723026
1347371947,"Mr Wingrave, Millionaire","Oppenheim","1906",62,-27.1901219515892,37.9110639903781
-683310396,"Man from Red Keg, The","Thwing","1905",25,-5.784928092882,32.9949239079368
5452,"Geoffrey Hamlyn","Kingsley","",2,35.1454332765733,-4.1015060514884
5368,"Felix Holt","Eliot","1866",2,55.0626917809216,-17.6071322322631
-1833471253,"Vicomte De Bragelonne, The","Dumas","",4,27.9288686256944,-4.98795972528575
36200093,"Jesters, The","Rita","1903",32,-22.8982205636336,29.0555110172656
-1639511846,"Master of Men","Oppenheim","1901",82,-12.5502615263378,-19.5421065731024
1115887031,"Master's Violin, The","Reed","1904",37,-32.6976241110091,-19.4517897294938
5481,"Grafters, The","Lynde","1904",41,-5.97679143915622,31.8202585557944
-1097371610,"Race for Wealth, The","Riddell","1866",7,53.7731781960797,-30.6367217701154
20110,"Mr Meeson's Will","Haggard","",26,60.197000202703,-11.7867345263774
1634835565,"Queen Kate","Garvice","1909",35,-56.0982839943481,27.1506225784101
-2092154778,"Sherriff of Dyke Hole, The","Cullum","1909",20,-27.7873445417588,44.5194785120083
-519773355,"After Dark","Collins","1856",1,60.035825894402,-20.0744472015711
19936,"Jess","Haggard","",10,56.1286283558649,-15.0409759202227
303131985,"Mollie Deverill","Yorke","1909",26,-35.8016454428405,45.6339999962038
15766,"Crossing, The","Churchill","1904",43,-13.5477670312432,-4.91688496515721
20580,"Won by Waiting","Lyall","1879",22,55.7726390500055,-23.5510650748668
-1520682195,"Katharine Frensham","Harraden","1903",51,-11.5112873267958,-15.7697277601061
81557616,"My Sword for Lafayette","Pemberton","1906",20,-31.7228539734519,12.1144176769781
-1151889584,"Under the Rose","Isham","1903",25,-19.3768112269432,3.85989733450778
-1629103190,"Secret, The","Oppenheim","1907",44,-35.3746819036487,9.23352375085067
20535,"Welsh Singer, A","Raine","",25,-31.1634523696769,-26.7100382097332
20198,"Phyllis of the Sierras, A","Harte","1888",10,35.3504500030459,-18.8088465030562
-1584290599,"Mother's Little Girl","Turner","1904",25,-7.30297097861883,-3.04972647892801
1713992898,"Lady of the Cameo, The","Gallon","1903",24,-3.08670910451943,-13.3148487555148
-1278170053,"Adventures of Captain Kettle","Hyne","1898",18,32.8490108313197,-24.8922061011040
-1737497338,"City of Mystery, The","Gunter","1904",37,-10.6613228710944,17.7973989917455
310711718,"Breachley, Black Sheep","Becke","1902",25,-41.9546771330681,17.8156984160897
20822,"Bondman, The","Caine","",22,-9.23068643380276,-47.5563421604411
19943,"Joe Wilson and His Mates","Lawson","",28,11.3365231279051,-3.37284530184300
144832737,"Prince Rupert, the Bucaneer","Hyne","1901",28,2.74422643836523,4.63348503327970
-2069223754,"American Prisoner, The","Phillpotts","1904",45,-13.2990125854308,21.4094176807517
19879,"Heavenly Twins, The","Grand","1893",9,52.2317769893314,-4.89508954505744
1737636206,"Lorna Doone","Blackmore","1869",1,51.6985896445317,-18.1760568639816
-895143400,"Barrier, The","Beach","1908",35,-50.0724557667878,23.52224071377
-1149235490,"Over the Border","Barr","1904",28,1.33841072008223,-33.8972916832818
1802725575,"In Spite of the Czar","Boothby","1905",42,-28.8567939702964,-2.76956547404707
-591597891,"Peg Woffington","Reade","1853",5,65.3891467899882,-9.93643007376407
95516444,"Queenie's Whim","Carey","1913",34,-25.7210682667579,-28.7287502641295
893880495,"Mam' Linda","Harben","1907",43,-38.5584572610338,26.6455643308678
1833549128,"Folle Farine","Ouida","1871",5,57.3179526945482,-21.2273480109743
9,"Purple Robe, The","Hocking","",45,32.4461116256788,-35.9720444370475
21115,"Lost Leader, A","Oppenheim","1906",51,-48.9309401880421,-0.0691095673639219
1216793776,"Wee Willie Winkie and Other Child Stories","Kipling","1888",6,51.3108084958235,-11.3092270518056
2083149980,"Woman against the World, A","Griffith","1903",38,-4.60703624190389,10.0096193869171
-584879606,"Fashionable Adventures of Joshua Craig, The","Phillips","1909",41,-40.4871428451084,45.302529916417
-98944742,"Other Mrs Jacobs, The","Praed","1903",34,7.89864422613303,15.9981961999934
20489,"Treasure of Heaven, The","Corelli","",30,-45.1013240531578,4.22580741990987
19914,"In the Golden Days","Lyall","",19,66.7349092862931,-16.8747368627846
5069,"Shadow of the Sword, The","Buchanan","",7,60.8555393317606,-3.68650741901505
-1694981415,"Upstart, The","Hyde","1906",41,-30.941279363715,45.9465150132784
1972822190,"Redemption of David Corson, The","Goss","1901",20,25.1118845509891,-50.407631452572
131459422,"Sirdar's Oath, The","Mitford","1904",31,5.46213073730903,-12.6855084500274
-324672961,"Lonely Church, The","Hume","1904",37,-19.3514492862487,-1.05850554877072
20399,"Spoilers, The","Beach","",42,-32.0301602662027,-12.6031829190591
1179045089,"Liz","Muddock","1903",35,-12.3008333910960,-14.1543251549358
87354475,"Heart of Rome, The; a Tale of the 'Lost Water'","Crawford","1903",26,23.5317819823536,-25.6555041524264
2947,"Nedra","McCutcheon","1906",46,-37.1670098217914,-14.7233274051542
20290,"Richard Rosny","Gray","",19,11.8207514571089,24.3927109322188
-1988766690,"Doctor Xavier","Pemberton","1903",40,-30.7805626148178,16.1552880966059
3579,"All Men are Liars","Hocking","1895",46,-17.9490610789716,-10.7286971919701
913,"Love Made Manifest","Boothby","",39,-16.0800491110054,-28.0224272004905
20477,"Torn Sails","Raine","1898",32,23.2104612232560,-30.5717919753505
-1612206014,"That Frenchman!","Gunter","1889",22,11.0280218324895,-9.61099941286378
452867825,"Wuthering Heights","Bronte","1847",2,25.5801940188097,-1.89696641976309
-1668047650,"Lovey Mary","Rice","1903",44,-26.9815004463473,-9.45010438630353
17125,"Lin McLean","Wister","",40,-0.677866875760959,32.4107583228289
710060995,"Bronze Bell, The","Vance","1909",25,-28.1690698996206,38.1377825962753
-681771774,"Chapter of Adventures, A","Henty","1890",17,52.015978602888,-13.4820831621375
-263933228,"Rienzi, the Last of the Tribunes","Lytton","1835",2,25.3429874080688,-6.05568694328776
19711,"Justice of Revenge, The","Griffith","",29,-14.8078773717337,13.9631215263774
1580,"Old Dominion, The","Johnston","",15,3.02195598350104,-19.4003196397308
20592,"Yellow God, The","Haggard","",26,-22.0433642872283,21.3997877786403
-3396213,"Heart and Science","Collins","1883",1,59.1324689758715,-22.5403070738310
2000715151,"Profit and Loss","Oxenham","1906",28,-15.1613776095618,28.3484324466593
-1053485524,"Pilot at Swan Creek, The","Connor","1905",23,-20.3654336591666,18.5056062586977
952077577,"Christian's Cross","Swan","1905",41,-25.6807492576867,-22.2629687813875
20069,"Memoirs of Sherlock Holmes, The","Doyle","1893",18,67.0528641758905,-2.91030780477091
3130,"Sky Pilot, The: A Tale of the Foothills","Connor","1899",6,34.3229086037831,-37.2490260094341
1084529745,"White Witch of Mayfair, The","Griffith","1902",24,-12.4252647896720,-29.3853197545727
20131,"Neither Storehouse Nor Barn","Raine","",29,-59.2803491691557,16.5315809305181
-417458560,"Lost Regiment, The","Glanville","1901",29,20.016292472502,21.1743835907417
-2074928341,"For Faith and Freedom","Besant","1888",4,59.0425278487582,-11.8956125290238
3583,"American Claimant, The","Twain","1892",16,23.3405172588340,-8.6690383080407
5402,"Footsteps of a Throne, The: Being the Story of an Idler and of His Work; and of What He Did in Moscow in  the House of the Exile","Pemberton","1900",40,10.1596465721277,10.309903069193
3782,"Coming of the King, The","Hocking","",49,-21.6819582780531,0.216904795264444
20794,"For the Term of His Natural Life","Clarke","1886",1,53.7104907178992,-26.1681046918430
1434188123,"Nurse Charlotte","Meade","1904",37,-20.1719975670843,-14.3438321957480
-810866137,"Scalp-Hunters, The","Reid","1851",24,19.1627480744861,-0.354672747712464
-456178953,"Corner in Coffee, The","Brady","1904",35,0.669762691290201,22.3876166600126
1378222586,"Steve Brown's Bunyip, and Other Stories","Barry","1893",28,4.75003619593847,15.9738360949886
5375,"Firebrand, The","Crockett","1901",14,26.8366293272313,-20.1546440424451
19868,"Hard Cash","Reade","",18,13.6172422522874,13.9976743028178
-1939070543,"Master Mummer, The","Oppenheim","1904",54,-18.0701060113202,13.3055997081959
-510190135,"First It Was Ordained","Thorne","1906",27,-25.0711851837114,-2.04336284587743
20448,"Temporal Power: A Study in Supremacy","Corelli","1902",28,10.7434678587707,-25.0269715745358
-385991763,"Colonel Quaritch, VC","Haggard","1889",4,51.0513173640002,-7.68991785148845
15320,"Vagabond, The","Palmer","",41,-26.5333614106410,12.7453353877918
-792688811,"Corner-Stone, The","Lyall","1904",21,-24.6203906732732,-1.09843743627455
-1967756015,"Through Sorrow's Gate","Sutcliffe","1904",33,-21.2529613854646,-1.05022431588905
-61231206,"Old Rogue's Tragedy, An","Rita","1899",23,-18.6033000440575,-24.0918051216097
1311921897,"Thunder of the Hoofs, The","Lang","1909",25,-44.2353695315735,19.7140317808856
3715,"Bleak House","Dickens","1853",1,31.5865842594502,3.79435861247248
20186,"Pearl of Pearl Island","Oxenham","",30,-57.7672920786258,25.9060133824904
20318,"Running It Off","Gould","",25,32.482675803363,30.5356973208475
776373186,"International Spy, The","Upward","1905",41,-31.2026391186017,-10.1381249778142
5284,"Donovan","Lyall","1882",14,64.5221855992022,-13.9128928126031
-1862615958,"Second Dandy Chater, The","Gallon","1901",28,12.9362978499990,-13.7912011196643
20167,"On the Wings of the Wind","Raine","",46,24.3562554175573,-32.2826517561222
-320273276,"Settlers in Canada, The","Marryat","1844",2,43.0235899491976,9.28523035919359
343474542,"King's Secret, The","Savage","1901",23,6.26883674651518,2.90929799603215
2121677673,"Back at Our Selection","Rudd","1906",38,-26.9958939044445,20.1907192775222
1688290117,"Murder of Delicia, The","Corelli","1890",4,31.8866152176228,-31.6431023020894
1685842652,"Rogue in Love, A","Gallon","1900",22,-17.0889767365876,-28.1153510713577
-1640077323,"Poor Parson, The","Rudd","1907",39,-43.2201244349224,21.6866449031424
1612914817,"Jimmy","Winter","1903",47,-16.5185294710959,-4.11553571177885
19892,"Hounds of the Baskervilles","Doyle","",27,23.4027122671546,-28.7592130091217
-1482058543,"Idol of the Town, The","Le Queux","1903",46,-17.6281490987727,10.6613866146545
639803954,"Veldt Vendetta, A","Mitford","1903",56,-4.03608653687164,-28.0077841875314
-905772666,"Stella Fregelius: A Tale of Three Destinies","Haggard","1904",40,-19.6999397617162,2.91882385537466
3525,"Danger Mark, The","Chambers","",17,-21.5921781122171,36.1846473172619
20229,"Prodigal Son, The","Caine","1904",24,5.28654909703441,-2.66027111963639
20547,"While the Billy Boils","Lawson","",24,43.8881157917314,-13.0317998215765
1238166615,"Colonial Reformer, A","Boldrewood","1890",4,45.0762544610766,-26.9746313773022
1508647254,"Household of Peter, The","Carey","1905",24,-31.0516227997601,-25.2910471966826
20296,"Robbery under Arms","Boldrewood","",12,46.2318206955707,-11.0603783145474
687503254,"White King of Manoa, The","Hatton","1899",18,11.4665777956917,19.4595878775902
20152,"Ocean Tragedy, An","Russell","1890",11,46.9576074419121,-6.03605410838207
-1888563677,"Guinea Stamp, The","Swan","1892",45,-15.2444006373137,-40.130308051456
-2102064549,"Wire Tappers, The","Stringer","1906",38,-35.7107623819854,23.2383131092424
20084,"Miner's Right, The","Boldrewood","1890",12,63.8094610159364,-6.76691063727061
20348,"Seven Little Australians","Turner","1894",9,31.0753428370479,-36.9792118142247
-1572539016,"Memoirs of a Physician","Dumas","",8,24.4905358154438,-0.446160942598444
1723285035,"Rose of Judah, The","Griffith","1899",22,10.6203375003209,0.847824884352591
1475091808,"Iron Heel, The","London","1907",25,-27.3416314436485,28.5835473271467
-1944544139,"Tragedy of Pudd'n'head Wilson, The","Twain","1894",22,36.2786839171858,-18.3604961688966
-354182610,"By Right Divine","Sage","1907",34,-54.6837444866684,15.7699991702779
-213443454,"Plant Hunters, The","Reid","1858",6,22.5072164644169,-0.688256195596221
1332582371,"Martins of Cro' Martin, The","Lever","1856",1,32.800937021162,-7.90417613268102
-899062381,"By Their Fruits","Praed","1908",31,-53.6267147340793,19.0517122409354
3774,"Clementina","Mason","",7,4.57030944029896,30.7905499616884
661444098,"Marcella","Ward","1894",4,61.9836293389058,-9.50803254228526
-921714505,"Far Horizon, The","Malet","1906",20,-27.3188494293139,11.0306295039473
1504266796,"History of Sir Richard Calmady, The","Malet","1901",18,9.91489610905358,16.6259895275746
20595,"Younger Set, The","Chambers","1907",26,-44.5683149594567,11.3905985938864
15316,"Lucy of the Stars","Palmer","1906",31,-34.2906459989118,36.8737243774162
1572032692,"Law of Life, The","Sholl","1903",19,9.26544578986994,9.51535163874748
5515,"Lest We Forget","Hocking","1901",40,31.8032272588448,-34.2114664803832
-1840193033,"Bishop of Cottontown, The","Moore","1906",34,-32.7812421551724,5.76394544221813
2922,"Beverly of Graustark","McCutcheon","",54,-58.233445782122,5.23315051582111
5311,"Eben Holden","Bacheller","1901",16,7.25114792886464,11.3603321708799
3877,"Alton Locke, Tailor and Poet: An Autobiography","Kingsley","1850",10,30.139563400117,15.5038138558954
-137472687,"In Happy Hollow","Adeler","1903",22,12.2230805953995,36.0038974412860
829772666,"Ring and the Man, The","Brady","1909",39,-23.6166085688969,38.9120820205076
1815604617,"Rickerby's Folly","Gallon","1901",21,-11.3205427281553,7.74365235017967
-474340428,"Margaret","Meade","1902",31,9.19142288792512,-23.011137078971
1699734867,"Free Soil, Free Soul","Cleeve","1903",35,-6.13877786328781,-12.7355996963884
26184934,"Giraffe Hunters, The","Reid","1855",8,26.9477839173416,-0.0411106829856503
5335,"Eternal City, The","Caine","",27,26.3505038303856,-27.4943845258444
-1244385053,"Nothing New","Mulock","1857",1,27.1370031472361,0.886126298997955
-1298359820,"Strange Adventures of a Phaeton, The","Black","1872",7,35.2355730683972,-11.7716848443125
690136139,"Without a Home","Roe","1881",23,58.9163513070201,-27.7014457019522
1369311433,"At the Moorings","Carey","1904",42,1.72163701067807,32.9208488446239
469049375,"Rose of the World","Castle","1905",60,-36.7704158459737,-15.5480875556343
3783,"Compact, The","Cullum","",26,-43.1327591785646,19.7375663567109
-702838863,"Joan of the Hills","Clegg","1909",28,-25.7768733294998,36.4735036136605
-1825227984,"Life's Web","Gould","1902",31,36.3152214328299,26.6967667009454
20047,"Marriage of William Ashe, The","Ward","1905",30,-46.4216135427797,-14.5624696329200
-866748096,"Commander Leigh","Savage","1903",18,-6.76840202936195,-13.6782727690946
20096,"Monk of Mar-Saba, The","Hocking","1894",18,29.7993698112942,-33.7030608446972
-1013731392,"Captain Courtesy","Carpenter","1906",24,-52.1349491327739,15.2276655641703
20244,"Woman in White, The","Collins","",4,59.105768951042,-21.7214607791137
4420,"My Official Wife","Savage","",42,-2.33417714777255,6.53164619299451
-898175613,"On Our Selection","Rudd","1899",60,-0.0267238966585349,-20.5987450037287
1007085477,"Moneychangers, The","Sinclair","1908",35,-37.5424242470262,29.6945724281088
20512,"Valentine Vox","Cockton","",27,16.2737957974535,-4.93961978428241
-1620246891,"Tempter's Power, The","Hocking","1903",67,-1.76598965277364,-3.8260044364581
2661,"I Will Repay","Orczy","",42,-13.6246698111668,39.1238626816688
586963223,"Kiss of the Enemy, The","Hill","1904",38,-16.4689958687633,-23.7753645915823
-1595459828,"Flotsam","Merriman","1896",6,22.2504990509525,-30.2781834296536
1239046819,"Dead Ingleby, The","Gallon","1902",19,22.508273150128,-38.8209437408953
913457968,"Sandy","Rice","1905",42,16.0847418621754,-33.0395045767174
3622457,"Yellow Diamond, The","Sergeant","1904",38,-12.1041669780574,-39.7825006285575
-1412440851,"Wheel o' Fortune, The","Tracy","1908",33,-45.4534484373866,30.5300227061352
1504911767,"Bird of Passage, A","Croker","1886",16,25.4682005686022,15.8940401449115
-1242436758,"Between the Dark and the Daylight","Marsh","1902",20,-6.16589198864973,22.6803306136444
31400271,"Horse or Blacksmith?","Gould","1897",40,33.414953493946,33.1193811145161
20116,"Mrs Wiggs of the Cabbage Patch","Rice","1901",27,29.2940316366254,-38.7457326272439
556581835,"Soldiers Three","Kipling","1888",1,55.6873407812974,-8.17954643598927
1282863797,"Lindsay O' the Dale, A","Hales","1907",43,-46.5276897711223,18.1342996873181
16684,"Pickwick Papers, The","Dickens","",17,36.0134998353403,14.9731866843227
-958725997,"Flame of Fire, A","Hocking","1903",45,6.99414531537386,3.58094938645335
-1327459328,"Gun Runner, The","Stringer","",22,-25.5324338784274,43.3133058461226
1333058836,"Rulers of Kings","Atherton","1904",24,-19.1220112310855,5.90317121449072
1545,"Many Cargoes","Jacobs","",11,-53.7409806184476,-10.1002666477832
-2025308897,"Mary Gray","Tynan","1908",30,-56.5325198239752,25.9890111784173
1821318934,"Pierced Heart, The","Reid","1885",22,21.5855517271978,-3.02376317046309
5349,"Face of Clay, The","Vachell","",48,-34.6606429698808,-3.12382944210494
3669,"Black Rock","Connor","",35,21.7908896923169,-31.4890119789641
1158617892,"Jarwick the Prodigal","Gallon","1904",41,-5.71163933024115,21.5203706994265
-1206143668,"Sydney-Side Saxon, A","Boldrewood","1891",4,42.2604670942747,-26.1852182671792
-1274869514,"Father Anthony","Buchanan","1898",25,21.5661731991855,-22.5042392271337
1271891559,"Rosalind at Red Gate","Nicholson","1907",33,-44.0847060974187,26.1517208031263
3805,"Count Hamabel: A Romance of the Court of France","Weyman","1901",16,-21.6337917622131,19.5956983835822
-2063677168,"Lone Marie","Norris","1905",21,-30.3893187640304,4.04813854448034
5400,"Foot of the Rainbow, The","Porter","",26,-37.5080432567281,36.2787449023323
2049148597,"If I Were King","McCarthy","1903",26,1.12461160470501,-34.1205649941557
-773664245,"Old Judge, The","Slick","1849",3,30.5468732651093,8.89797620321323
14251,"Whirligig, The","Lindsay","",9,-54.2703648608954,-10.7340337129149
-1821820400,"Court of Honour, The","Le Queux","1901",30,-11.7046980098209,-30.6048028190905
19996,"Little Brown Jug of Kildare","Nicholson","",27,-27.6425526429564,33.3842661894001
2119692847,"Helen Adair","Becke","1903",38,-35.226364216726,21.4919358028355
20392,"Sorrows of Satan, The","Corelli","",31,46.5820151535358,-26.8976707222535
20843,"King Spruce","Day","1908",39,-32.9131836041045,32.7969682566439
310819108,"Evil Genius, The","Collins","1886",2,59.7472355277041,-23.4272094800247
-1970625424,"Red Saint, The","Deeping","1909",22,-34.0309569122345,38.2742107944928
5358,"Farewell Nikola","Boothby","",37,17.4578878427067,-17.4917288799602
20023,"Lure of the Mask, The","McGrath","",32,-33.7855096434337,13.3287070760117
-962771890,"Lavender and Old Lace","Reed","1902",48,-29.1890491648078,-15.70270964755
-671363512,"Eugene Aram","Lytton","1832",2,40.2338219191729,-4.08422294514521
-1526581491,"Anne of Green Gables","Montgomery","1908",32,-24.5151227522369,47.3749949553246
143753653,"Russian Gipsy, The","Dumas","",2,25.8166261211709,1.06778496212592
20079,"Mighty Atom, The","Corelli","",1,59.6957456466753,-25.0995385208879
-965181658,"Sirocco","Brown","1907",27,-6.99644182742936,23.7731187391603
-1410621235,"Hungry Heart, The","Phillips","1909",22,-42.5832965937761,34.9714414159489
-1750194190,"Cap'n Eri","Lincoln","1904",26,-29.8190724865071,11.5896951566423
-1997574116,"Waifs of Circumstance","Tracy","1906",30,-38.2939208618401,-19.911630781554
15000,"Whispering Smith","Spearman","1908",26,-52.0675087982707,-7.09476384696851
19866,"Handy Andy","Lover","1842",5,42.8972395405154,-33.8680083479155
-299558027,"Seven Secrets, The","Le Queux","1903",49,-11.5312768002876,-31.4097913596826
-249146612,"Avengers, The","Hill","1906",37,-55.790284414288,15.3235362282334
19861,"Half a Rogue","McGrath","",26,-43.41297655031,-8.2795146959535
692082084,"Little Dorrit","Dickens","1857",3,30.99167234386,-1.57337575325833
291335611,"Unseen Jury, The: A Novel","Root","1907",39,-50.8743994376493,23.5284206115941
1287444635,"Tower of London, The","Ainsworth","1840",5,33.3457991734319,5.95202591328374
-1395917147,"Burden of Her Youth, The","Meade","1903",28,0.295184256335127,-19.8913841253948
-1115464877,"Maids of Paradise, The","Chambers","1902",34,11.4497968107380,17.2615483416791
1501543756,"Waverley","Scott","1814",1,32.7580846020286,7.6525797883972
5386,"Flower of the Dusk","Reed","",26,-36.0014943526976,46.3842003352838
20255,"Tale of Two Cities, A","Dickens","1860",1,37.36992415727,-6.90909210545972
1497937554,"Caleb Carthew","Hocking","1884",48,-42.7487552643331,3.79979523104859
-507154204,"Justin Wingate, Ranchman","Whitson","1905",26,-11.4639342183204,17.34329801496
1369195664,"Delphine","Yorke","1904",54,8.66639591926169,-21.1160284927502
-847622184,"Renshaw Fanning's Quest","Mitford","1894",31,-8.56503539728009,-22.2375536935753
21121,"On Tour with Troddles","Andom","1909",24,-29.7023807059517,28.2857397498042
5414,"Forty Five Guardsmen, The","Dumas","1848",3,30.1238774197056,6.07447152246108
5473,"Gold Wolf, The","Pemberton","",48,-3.22041199107416,-14.3370374271535
20176,"Over Moor and Fen","Hocking","",29,-6.61120999345973,-3.74625965634778
135225908,"Maiwa's Revenge","Haggard","1888",3,45.5066181220615,-18.6088269291800
2113905010,"Sword in the Air, The","Gunter","1904",35,4.10001130484938,-10.3204330657653
3608,"Audrey","Johnston","",16,14.1700777271402,-20.9389742933159
1930877101,"White Chief, The","Reid","1855",23,19.5182701326218,-3.48781208611828
979567033,"Wayfaring Men","Lyall","1897",17,14.1354070791010,4.76224240106363
20417,"Story of Andrew Fairfax, The","Hocking","",39,-45.6459662246433,-4.12947961633114
13541,"Mother, The","Phillpotts","",26,-38.3733555144612,13.0338412736461
16091,"Shadow of a Vendetta, The","Gunter","",22,-47.2861169062471,25.3444794699109
-157776505,"Half a Hero","Hope","1893",39,-40.7978691192889,-2.08896319092163
-1166692144,"Whosoever Shall Offend","Crawford","1904",24,1.49852968046517,31.8862898578115
-82419722,"Miser's Will, The","Hume","1903",32,-18.0725489688704,-19.7564716905696
17117,"Watchers of the Plains, The","Cullum","",28,-44.9795483625775,20.2861715351043
20184,"Pendennis","Thackeray","",3,25.902906042241,4.76238448804905
20516,"Velvet Glove, The","Merriman","",6,24.6062283729148,11.3660406229135
679118608,"Sir Nigel","Doyle","1906",19,-30.9644936266045,15.3046115038243
297750317,"Alec Forbes of Howglen","MacDonald","1865",1,53.7225668856114,-12.0758903907512
5440,"Garden of Allah","Hichens","",27,-44.4148358759796,9.60379230260868
3263,"Tatterley: The Story of a Dead Man","Gallon","1907",30,-5.05625530730361,-22.3575162663047
1908450375,"Queen of Hearts, The","Collins","1859",3,24.0276107896873,1.29119913616655
3590,"Anna the Adventuress","Oppenheim","1904",61,-16.7771793562727,44.1519296124642
20504,"Under the Red Robe","Weyman","1894",3,36.1881301503979,-32.0740814619813
-1314324997,"Tower of Tadeo, The","Ouida","1892",9,59.9244287868863,-10.1543891978282
-1601088210,"Isle of Unrest, The","Merriman","1900",16,8.65317742313944,9.38108408821932
1795948236,"Gypsy Roy, a Story of Early Methodism","Lindsay","1904",34,-19.5473797182459,-7.7617643275648
-888898485,"Warned Off","Gould","1901",36,35.1615996384901,23.4923909266949
-276441678,"Doctor's Double, The","Gould","1891",26,35.8074211798027,28.1658026618178
-480772011,"Call of the South, The","Durham","1908",26,-25.4614833897772,32.8196919774229
21096,"Her Splendid Sin","Hill","1908",27,-44.3184575390626,34.6748049461912
-1949068651,"Curse of Clement Waynflete, The","Mitford","1894",28,-7.39682944509942,-22.7788423088572
-1484065647,"White Sister, The","Crawford","1909",13,-22.818053594795,32.6828912311167
-152132081,"Doctor Burton","Gunter","1907",38,-49.6182334083334,21.9737477461043
617032725,"Young Girl's Wooing, A","Roe","1884",11,56.5135203953085,-28.6577080069413
1380116378,"Thrown Away","Gould","1894",35,32.5237151605659,29.6136397991228
-233529830,"Married in Haste","Everett-Green","1907",31,-33.9987896978358,-2.53929510047824
14748,"Woman in the Way, The","Le Queux","",39,-51.3327804662989,16.5717227202564
1210619133,"Graustark","McCutcheon","1901",23,-32.5870757800123,-17.3687971284082
5437,"Gambler, The","Thurston","1905",54,-34.0754107692977,0.884213165644085
-1932271208,"Gentleman Rider, A","Gould","1898",22,8.31790844907499,-18.3375980192978
1150972836,"Maker of Nations, A","Boothby","1900",35,19.5433858357718,-32.6022343450069
1174197496,"Little Anarchist, The","Marchmont","1907",30,-51.2511673858357,25.8953611243476
48379784,"Martyrdom of Madeline, The","Buchanan","1882",16,27.1089732585050,21.9964703813588
918,"My Indian Queen","Boothby","",49,-8.57720751466299,-24.3826955895169
1708578672,"Lone Star, The","Lyle","1907",26,-28.3912786314415,48.0257854933172
1240712506,"Christie Johnstone","Reade","1853",1,61.7546127366925,-14.7243176099982
20127,"Nicholas Nickleby","Dickens","",3,27.2198602052525,2.54446740373627
1621846972,"Guy Fulkes of the Towers","Everett-Green","1906",33,-41.9705046079928,-1.06978587057158
400801028,"Viking Strain, The","Hales","1902",23,-0.940464661836522,-13.4447179182463
1459106966,"Idle Thoughts of an Idle Fellow, The","Jerome","1886",6,43.530320297014,-17.6301479979463
-767204611,"Lost Provinces, The","Tracy","1898",27,-24.8211517132506,14.9098527686254
-1857209556,"Spinner in the Sun, A","Reed","1906",33,-32.0480513882378,-22.1297428777083
3633,"Beau Brocade","Orczy","1907",39,-30.5287840132187,24.5672256847373
20179,"Pagan's Cup, The","Hume","",26,1.48858165587331,-3.31713727095325
-1405806611,"Only the Governess","Carey","1888",32,-25.6210289896748,-29.5932574880725
1090787792,"St Elmo","Wilson","1866",25,57.7546054327445,-24.2627890533939
1735037324,"Peggy of the Bartons","Croker","1898",21,-35.6907412565808,-20.0249863749918
539219179,"Lady of the Mount, The","Isham","1909",27,-24.7918160402354,46.3052787351166
-1765581412,"In Wolf's Clothing","Garvice","1908",44,-41.0053846841957,38.0572316585148
3819,"Crisis, The","Churchill","1901",28,21.7253732777348,-29.6083289406843
3429,"Her Son","Vachell","1907",40,-42.5594753638889,-10.4269787652742
19895,"House of a Thousand Candles, The","Nicholson","",41,-46.9823359413255,5.11344927877628
-888614622,"Cameos","Corelli","1896",1,37.0537311524221,-35.5241711862128
-64493603,"Adventures of Brigadier Gerard, The","Doyle","1903",41,3.66231484686143,5.55018026124043
-518949711,"Successor, The","Pryce","1904",22,-26.8418639370948,-10.8190705378052
20835,"God's Good Man: A Simple Love-Story","Corelli","",46,-13.0527412020342,-0.500596371994677
197691218,"Boy Hunters, The","Reid","1852",7,37.5795316976031,10.6528124290611
1690838047,"Jack Hinton, the Guardsman","Lever","1843",3,27.5399993888293,-2.82349737557528
5286,"Doreen","Lyall","1894",15,24.9765956636723,-35.1416089302615
455146186,"Settler of Silver Creek, The","Whitaker","",39,-55.9159519914266,9.35312787606484
1549571367,"Rattlin, the Reefer","Marryat","1836",2,44.1607256773168,-2.06855097048579
3704,"By Bernon Banks","Raine","",21,-5.970155488588,1.64545889792497
19965,"Kit Kennedy","Crockett","",17,15.3330211597592,8.79117863198707
5485,"Greater Love","Hocking","",51,32.9744832566585,26.2832068602383
20111,"Mr Opp","Rice","",31,-21.1830167993114,44.4984185218412
809257791,"Man with the Opals, The","Barrett","",35,-16.7172935649088,-14.9176536626102
152022580,"White Plumes of Navarre, The","Crockett","1906",23,1.82938498100983,-17.8251515639087
20063,"Masterman Ready","Marryat","1841",1,33.6851253595973,2.25853463717934
5389,"Flowers O' the Corn","Crockett","",15,10.2627486027258,25.2980064372694
1356811036,"Modern Buccaneer, A","Boldrewood","1893",4,41.47353754581,-26.6371632002232
-1045277459,"Story of an Untold Love, The","Ford","1897",19,-34.1294494739885,-19.6363261669885
3686,"Brewster's Millions","McCutcheon","1902",52,-57.8488725715118,7.99306498797698
1319037065,"King Solomon's Mines","Haggard","1885",12,44.7467881890914,-19.4203097816772
-994722730,"Long Arm, The","Oppenheim","1909",42,-29.0830799460289,26.4347315418622
-689700606,"Sorceress of the Strand, The","Meade","1903",29,-5.89449901601217,8.1978143027502
20498,"Twenty Years After","Dumas","",4,28.4257255494502,-6.93638228898142
-2080633227,"Pitfall, The","Magnay","1908",32,-37.3792924321132,41.4871614190491
990484280,"From Post to Finish","Smart","1884",25,54.451398493425,-28.4395809701586
5210,"We Two: A Novel","Lyall","",18,56.4513352610723,-12.0457258999042
20054,"Mary St. John","Carey","1882",6,25.9634470344120,-32.6193826930806
20060,"Mayfair 2835","Richardson","1907",36,-27.7152697396482,9.26934961772543
-1017597417,"Love of Richard Herrick, The","Kenealy","1902",54,-21.5324486183314,-3.11659609561517
-441617397,"Hard Times","Dickens","1854",5,23.9841588724690,-2.52938772213571
-1752612200,"Hearts in Exile","Oxenham","1904",48,-39.0749533079366,13.3551729103093
2127,"Oliver Twist","Dickens","",1,40.0179661990751,6.54031185285011
-324778934,"St Cuthbert's of the West","Knowles","1905",5,21.3691373894604,14.9193897610139
20339,"Second String, The","Gould","",42,7.58635899396542,-15.0546206659136
-615910693,"Virginian, The","Wister","1902",36,18.3767097013401,-26.6888239332084
4240,"It Is Never Too Late to Mend: A Matter-Of-Fact Romance","Reade","",3,22.0027108549692,1.70466976640835
386923130,"Kate Meredith, Financier","Hyne","1907",26,-39.1864689868392,2.88167170420916
1273988202,"Bush-Boys, The","Reid","1856",1,39.8013125524515,9.33545698938293
20381,"Smoking Flax","Hocking","",50,-27.0682019061637,-20.4568989213585
-1129636013,"He Would Be a Gentleman","Lover","1856",1,28.090564521523,4.52349878168832
20219,"Prince of Sinners, A","Oppenheim","1903",90,-22.8639866688722,-17.3468434322717
-2044007068,"Triumph of Hilary Blackland, The","Mitford","1901",40,7.54477591084195,-1.12574092678077
975064961,"Way of the Spirit, The","Haggard","1906",35,-41.7679715134757,-17.9321786358243
311526051,"Boy Tar, The","Reid","1859",7,38.3370434602108,3.71702813176852
-122881768,"Deacon and Actress","Gunter","1902",50,-9.85469667985398,-11.8230124991239
19626,"Jungle, The","Sinclair","1906",25,2.60387215098565,-0.323280589003851
-378576556,"Struggles and Adventures of Christopher Tadpole at Home and Abroad, The","Smith","1848",3,28.6649406165166,-1.53933559720213
20591,"Yellow Crayon, The","Oppenheim","1903",58,-6.62169052077189,-23.6726504771856
1415448041,"Hunchback of Notre Dame, The","Hugo","1831",20,16.9669965745111,2.03797544092131
5383,"Flaming June","Vaizey","",42,-27.5363066813609,39.5710905321802
-2136981442,"Honeymoon in Space, A","Griffith","1901",22,2.60735319005808,2.86328178112224
1244582883,"Lover or Friend?","Carey","1890",34,2.32393395590814,-25.4972025081105
-57640646,"Abbess of Vlaye, The","Weyman","1904",21,-23.4884545124888,9.94305220240541
2152,"Allan Quatermain","Haggard","1887",4,46.4340686268558,-19.0338238953935
-1364507627,"Seeing Him Through","Gould","1897",19,35.2152529050315,27.7836676095343
-105826676,"Sin of Jasper Standish, The","Rita","1901",27,-20.3883538758795,-24.2499628275083
3676,"Tom Sawyer Abroad","Twain","",17,12.3942092351496,8.52914756496224
2128728727,"Banker and Broker","Gould","1893",36,34.3580517972571,32.0695701399244
972740247,"Mr Smith","Walford","1875",4,55.4898604965136,-18.8891844191176
-76351537,"To Pay the Price","Hocking","1900",30,-17.8440353525234,-30.7496099959415
-1618499652,"Tramp Camp, A","Kennedy","1906",33,-21.8032563090927,-7.59338825483483
1504134640,"League of Twelve, The","Boothby","1903",44,9.59246234384854,18.3008693467258
2108554788,"Ladder of Swords, A","Parker","1904",15,13.1058515099186,26.8623209969799
1344090803,"Daughter of a Magnate, The","Spearman","1903",35,-13.2703029015057,-7.49111432927669
-776831116,"If Youth but Knew!","Castle","1906",44,-24.7337538515495,0.248737410398224
-957774892,"Virgin in Judgment, The","Phillpotts","1908",32,-21.3143368675370,48.2194361354478
-339018028,"Wormwood","Corelli","1890",15,55.4619731213054,-26.7066971595023
862029298,"Lychgate Hall","Francis","1904",31,12.7012835022568,19.8648121866137
3705,"By Order of the Company","Johnston","",25,4.46258691653398,-0.463799063666711
21128,"Princess of Vascovy, A: A Romance","Oxenham","1900",6,22.3931264239464,8.3116112297741
5370,"Fennell's Tower","Tracy","",40,-41.2364538344863,43.4908168811014
20328,"Scallywag, The","Allen","",8,23.5306115946092,-4.86812152555137
1599602677,"Life in a Garrison Town","Bilse","1904",23,-3.57511563176749,3.68989836330887
-2011808585,"Man from Glengarry, The","Connor","1901",23,20.1492364281642,-30.2330796440965
3744,"Cave Man, The","Corbin","",35,-37.4716496324405,17.776759395908
805592673,"My Shipmate Louise","Russell","1882",2,47.5535919271507,-11.6480909739198
-1019190374,"Pomeroy Abbey","Wood","1881",29,-14.3912348747631,-48.4466523037157
1721268887,"Out of the Cypress Swamp","Rickert","1902",25,0.293739812949869,0.0126877842256701
1055523925,"Weavers, The","Parker","1907",14,17.2681959891624,12.8403705744003
760502761,"Castle Omeragh","Moore","1903",22,-5.96742991599013,-14.6215552733539
-2034496062,"Spitfire, The","Peple","1908",41,-24.6426677663444,42.9235421166514
-888826939,"Adventures of Mr. Ledbury and His Friend Jack Johnson, The","Smith","1844",3,36.4168294291133,-11.0882355179771
17129,"Lady Baltimore","Wister","",35,-46.5361481968847,10.6373994712227
5253,"Dene Hollow","Wood","",22,-13.9282382255942,-45.5184564108609
3658,"Bishop's Scapegoat, The","Clegg","",25,-55.9707214669355,21.0984664229723
20068,"Me and Myn","Crockett","1907",25,-47.768104593141,6.85187302919077
1663962588,"Red Axe, The","Crockett","1908",4,31.4175310553989,-25.8378051416699
1937493259,"Girl of Spirit, A","Garvice","1906",57,-40.6196328978093,1.00819491709907
1808186865,"Red Derelict, The","Mitford","1904",19,3.0637906516273,-2.03812870158164
-794780498,"Cherry's Child","Winter","1904",54,-26.0646069484416,-4.81222837270922
-760997843,"Love Grown Cold","Swan","1902",36,-16.8542317621080,-39.2657346349198
780887053,"Undertow, The","Knowles","1906",40,-36.8688024135619,25.7274009924255
2689,"Tangled Skein, The","Orczy","1907",25,-32.8980851608526,38.0333937189609
1094615227,"White Mice, The","Davis","1909",35,-26.0136087585129,26.1793054313477
13974,"Old Wives for New","Phillips","",34,-37.1112910392155,28.8004075175828
-1916871134,"Outback Marriage, An","Paterson","1906",41,-30.910717635991,8.65249906160328
19988,"Letters from a Self-Made Merchant to His Son","Lorimer","1902",41,-25.7906076742958,4.87697433068527
5705,"Welsh Witch, A","Raine","",56,-32.1877723340217,-25.1193906848996
435443191,"For Lack of Gold","Gibbon","1871",4,58.7681421166895,-12.692712090438
5476,"Goose Girl, The","McGrath","",25,-22.8425618603859,42.2989577906772
278471360,"Sunset Trail, The","Lewis","1905",43,-6.0369914207579,33.9802496319489
1590734314,"American Woman, An","Swan","1900",37,-16.9551612538251,-39.2270093182882
1469407550,"Branded Name, A","Bloundelle-Burton","1903",34,-37.9307086411926,-3.4206617102704
-2040396025,"Way of a Man, The","Roberts","1902",53,-8.16816947130118,-30.3587628129036
5433,"Fugitive Blacksmith, The","Stewart","1905",41,-13.7002731690889,15.5819430478132
-1798154893,"Rainbow Island","Tracy","1903",52,-2.99796363559987,1.01762793670150
20185,"Pearl Maiden","Haggard","1903",18,-2.72102032623524,-11.6172483537766
-430362392,"Wooed and Married","Carey","1875",43,-28.1330290189116,-28.6058372241905
-1347592066,"Rifle Rangers, The","Reid","1850",4,43.9555614491185,9.9101604121902
3630,"Beatrice","Haggard","",23,64.9893322286903,-24.6491017197401
-1095993686,"As We Forgive Them","Le Queux","1904",52,1.21054928878298,-5.73188837692386
-1971970987,"Janice Meredith","Ford","1899",17,-11.0305637224832,8.77494379272815
-965202684,"Regent's Daughter, The","Dumas","",1,31.5466216371422,-35.3620877541228
3643,"Benita","Haggard","",37,-39.8834534603342,4.59071003139735
20773,"Daphne, or Marriage a La Mode","Ward","1909",3,4.71335536886311,29.9150099011443
-662020892,"Miss Lou","Roe","1888",19,29.5179824332941,-13.8473738815684
1408139517,"Trials of Commander McTurk, The","Hyne","1906",23,-13.4050028123233,14.6079083059785
1670620356,"Orphan, The","Mulford","1908",25,-32.0989518305181,31.5984761435107
1348834191,"Whirlwind's Year","Gould","1908",42,-50.2693777909171,14.0664989386882
-1544072505,"Priest and the Princess: A Romance of To-Day, The","Dixon","1902",40,-18.4048879671370,-13.6212079511686
-5736314,"Side-Stepping with Shorty","Ford","1908",25,-36.418613351621,26.8781465435242
20007,"Lord Oakburn's Daughters","Wood","",27,-11.8411092240325,-45.6283525905427
20108,"Mr Midshipman Easy","Marryat","",13,19.9390086808564,2.93007246570416
293371594,"Guavas the Tinner","Baring-Gould","",18,1.83652934732361,-18.7289960275529
-2022641262,"Of Royal Blood","Le Queux","1900",30,-31.4896774668319,12.9957285971052
1239722660,"Dr. Burton's Success","Gunter","1908",24,-44.9181965571224,25.8122537878835
311817621,"Transformation","Hawthorne","1860",9,27.0134241343956,-1.18412765410216
5453,"Giant's Gate, The","Pemberton","",23,-9.27713872776236,-0.0267015259082704
-1889581224,"Castaway, The","Rives","1904",39,-35.3811285442199,5.68155708267044
2153,"Allan's Wife","Haggard","1889",24,-30.0564429424054,-38.6588125866872
-1358102549,"Illustrious O'Hagan, The","McCarthy","1906",28,-25.8041762716585,9.44123335002105
19928,"Jack's Courtship: A Sailor's Yarn of Love and Shipwreck","Russell","1884",3,47.5979709061934,-12.4340215327519
573322492,"Race of Life, The","Boothby","1906",39,-18.5883307673235,-28.1571258870414
20165,"On the Foc'sle Head","Russell","",5,51.6392383188298,-25.9300523250464
-1349793997,"Simpleton, A","Reade","1873",1,54.1682419421259,-27.2964989352266
1315750618,"Amelia","Fielding","1751",2,30.4610514597323,7.98197230477868
-1794644020,"History of Tom Jones, The","Fielding","1749",15,27.8786399934442,9.962209581966
445454908,"Motor Maid, The","Williamson","1910",18,5.24832784211232,31.6938216392149
1591313217,"Lost American, A","Gunter","1898",20,-2.12402004557775,1.69191043742461
2072905156,"Her Majesty's Minister","Le Queux","1901",27,-8.04576105878501,-12.8394598163099
2016813082,"Woman with the Fan, The","Hichens","1904",38,-25.6891987458802,-3.6461371823033
-486421855,"Hearts of Wales","Raine","1905",43,-41.0157679937892,-8.73711542814081
362089967,"Pauline","Dumas","",1,62.2601426320115,-12.0555096992794
3751,"Chance of a Lifetime, The","Gould","",47,-49.5859972889979,13.6182233867763
20846,"Adventures of Sherlock Holmes, The","Doyle","1892",42,67.5402392587956,-2.51563980549436
-1379886142,"Satan Sanderson","Rives","1908",44,-54.089406288464,11.9421512044106
5380,"Firing Line, The","Chambers","",21,-26.3541538821909,42.8261838032379
-214573143,"Big Fellow, The","Palmer","1910",36,-34.5492704212443,42.1943312910926
-278724889,"World Masters, The","Griffith","1903",43,-6.95923402606518,10.1186542578677
5455,"Gilbert Neal","Harben","",39,-25.5440721364630,44.3429193321365
-1713438834,"Invaders, The","Tracy","1901",22,5.18869709827351,-11.0621895529925
-1223002962,"Darien; or the Merchant Prince","Warburton","1852",4,25.3791908295405,2.78622823399512
1656891915,"Prince of Swindlers, A","Boothby","1900",35,-37.6025663484189,-29.2759858867218
-412340032,"It Came to Pass","Fenn","1903",25,-4.4807327376423,-29.2995870874000
64470400,"Frank Fairleigh","Smedley","1850",13,23.4507722153092,-12.8141236537207
-1560984391,"White Fire","Oxenham","1905",39,-1.79963335106829,16.6884306093803
658527413,"Marriage at Sea, A","Russell","1891",19,14.6606774869637,-10.7278395393854
20836,"Holy Orders","Corelli","",29,-21.7561726039355,32.7799600051903
21169,"Children of the Bush","Lawson","",53,9.24284957887349,6.92901066049436
20332,"Scarlet Letter, The","Hawthorne","1850",9,62.2196603940094,-27.5733413728817
1199918034,"Proud Prince, The","McCarthy","1903",23,-12.8944367271873,-6.05820436691488
3698,"Brothers, The: The True History of a Fight Against Odds","Vachell","1904",48,-54.205807781915,7.85660076871026
20155,"Old Curiosity Shop, The","Dickens","",10,41.5132264302937,13.7216078924450
20425,"Strong Mac","Crockett","",41,-4.73860190418983,-30.5405665217613
1368201342,"Comethup","Gallon","1899",18,17.8475687685964,5.06822746062414
1494621830,"Darrel of the Blessed Isles","Bacheller","1903",30,3.75270364193354,-1.87530779808191
20160,"One Life, One Love","Braddon","",1,57.8369303117887,-13.7462569782544
-1029444131,"Mr Crewe's Career","Churchill","1905",23,-8.04664571389273,25.2177316134181
296363229,"As a Man Lives","Oppenheim","1898",42,-6.08853418559892,-28.2266628720599
656,"Sir Roger's Heir","Moore","",34,-26.7024819177478,-0.815039260369549
-1818996774,"Eileen","Cleeve","1903",52,29.2115944800526,24.5311470132014
20090,"Missioner, The","Oppenheim","",40,-45.1628312532828,39.0262035014006
-1874098628,"Rachel Marr","Roberts","1903",24,10.9231757689406,1.21841051974443
20329,"Scapegoat, The","Caine","",23,-10.4051154497260,-1.90504670099834
-1100039304,"Held for Others","Spearman","1901",29,-39.5811182190398,22.2886094935098
1500949276,"Mystery of a Motor-Car, The","Le Queux","1906",41,-17.3911762347966,12.9040134358632
60920436,"Old Man in the Corner, The","Orczy","1909",31,-30.1460578818985,27.1605442787986
418409043,"Mystery of Mr Bernard Brown, The","Oppenheim","1896",30,-13.2800275433704,-20.4221977565349
1856442612,"Miss Nobody of Nowhere","Gunter","1890",19,-1.41712847078373,-2.44365255172512
1308336748,"Daughter of Anderson Crow, The","McCutcheon","1907",43,-33.8906228731129,25.3977792462182
1215959014,"Tale of a Lonely Parish, A","Crawford","1886",8,59.678403963391,-7.05002062962233
20552,"White Company, The","Doyle","1891",4,31.9288991050829,-25.8335807928581
3759,"Chicot the Jester","Dumas","1857",3,36.8926551690064,7.30129623589111
-433152778,"Tracks We Tread, The","Lancaster","1907",26,-33.5137389760135,29.8370154273789
20462,"Three Men in a Boat","Jerome","",22,-1.29656884426233,8.28923302719531
3647,"Betrayal, The","Oppenheim","1904",59,-14.5763911230521,-21.7932877847601
1656718151,"By the Gods Beloved","Orczy","1905",45,-49.4498828317534,4.27950196158713
1372656065,"Anglo-Americans","Cleeve","1903",30,-10.4718489291240,1.66308332360749
-1752379704,"Deacon Brodie; or, Behind the Mask","Donovan","1901",26,18.5447171563653,-6.90457082104854
20600,"Zillah","Hocking","",26,30.6414015562104,-35.4087022307752
-1722241172,"Patriots, The","Brady","1906",49,-60.2400023171035,7.74193875068911
20357,"She","Haggard","",8,54.0518343060099,-19.5453626126647
20470,"Throwback, The: A Romance of the South-West","Lewis","1906",29,-36.0272172227711,3.80483054344791
-332179143,"Empty Hotel, The","Gunter","1902",54,-37.4057621157981,1.96967615551517
14605,"Stolen Souls","Le Queux","",37,-31.9295525473258,1.09898058871955
20252,"Vanity Fair","Thackeray","",1,27.9408744117375,-0.158726799667804
595109564,"Alien, The","Montresor","1901",27,-11.3042856529959,-6.16330884088944
380914970,"Yeast","Kingsley","1848",2,29.7018635534053,-0.133068697185644
1497302117,"Secret History of Today","Upward","1904",28,-11.3096334299268,5.60042085931259
-556831949,"Infatuation of the Countess, The","White","1899",32,-5.25237918886826,-10.0108726676575
2062799892,"Never-Never Land, The","Barrett","1904",29,15.0622643087698,-9.81695036783882
1466,"Profligate, The","Hornblow","",27,-27.2433278309848,45.6428923248807
1794350499,"Ghost Kings, The","Haggard","1908",24,-46.9619215203939,26.5672216811015
-624410727,"Pasha of Many Tales, The","Marryat","1835",23,13.5999215613036,0.902136624528307
-1121097180,"Buckjumper , The","Gould","1909",45,-29.6727240930854,29.1466128292265
1019423704,"Follow the Gleam","Hocking","1903",33,21.9426024633394,-34.3592487632921
-106433815,"Woman and the Man","Buchanan","1893",12,61.0300422148665,-2.97642390727965
712,"Quicksands","Steuart","",25,-14.8207761423395,7.69502899388086
-2012501035,"Mystery of the Clasped Hands, The","Boothby","1901",11,33.5675497448376,-34.4685038605604
1134294745,"Man on the Box, The","McGrath","1904",63,-42.8741194624899,-1.37527101026628
-1171625876,"Albert Gate Affair, The","Tracy","1904",49,5.76996997097187,-10.4179292605037
-592865262,"Hush!","Yorke","1888",54,-36.5749325005389,-17.4621448724657
21022,"Day's Work, The","Kipling","",17,-45.7574761962899,-26.0754861496161
5332,"Esau","Hocking","",47,-27.8441893143703,-11.5445792181605
5217,"When a Man's Single","Barrie","",16,33.7682733341623,-20.4281487976779
-614353798,"Princess Kate","Tracy","1903",46,-6.56911407065882,7.08914430337184
-344787681,"Traitor, The","Dixon","1907",36,-29.3195103688249,45.0706070291271
20327,"Sandy's Selection","Rudd","",34,-9.2911661487823,5.0360224189594
1968693257,"Vision of Beauty, A","Hatton","1902",29,3.31212325071528,-3.36817315131078
-1390422914,"Vashti","Wilson","1869",3,57.5607306571511,-23.0471840332557
-1315777962,"Made in His Image","Thorne","1906",21,-5.77607539272401,18.6525209140472
-159624356,"Sir Gibbie","MacDonald","1879",2,42.7729382913087,-14.0501427710604
