"LibraryID","WorkID"
1108618849,-2147454867
-468206372,-2147454867
2,-2136981442
-468206372,-2136457041
2,-2134919697
2,-2132186735
-468206372,-2132186735
2,-2113179128
1118369451,-2113179128
-414404825,-2112537480
2,-2110757282
-414404825,-2108097769
-414404825,-2106788161
2,-2104083745
-414404825,-2104083745
2,-2102064549
1118369451,-2101501625
-414404825,-2097642613
2,-2092154778
4,-2088170250
2,-2088170250
1118369451,-2086305408
2,-2080633227
2,-2074928341
1118369451,-2074928341
-414404825,-2073162458
-468206372,-2072955202
1118369451,-2072955202
2,-2069223754
-468206372,-2069223754
1118369451,-2069223754
1108618849,-2064475105
2,-2063677168
1108618849,-2063677168
1118369451,-2061788968
1108618849,-2054997157
-468206372,-2054997157
-414404825,-2052276915
1118369451,-2051753131
1118369451,-2048937399
2,-2044007068
2,-2040396025
-414404825,-2040029695
1108618849,-2038984559
-468206372,-2038984559
1118369451,-2038984559
2,-2034496062
2,-2025308897
2,-2022641262
-414404825,-2020108979
-414404825,-2016806844
2,-2012501035
1118369451,-2012501035
2,-2011808585
1108618849,-2011808585
-468206372,-2011808585
1118369451,-2011808585
1118369451,-2008372196
-414404825,-2004812040
1118369451,-2003115314
-468206372,-2002633586
2,-1997574116
1118369451,-1992573250
2,-1988766690
1118369451,-1988766690
1118369451,-1985239171
-414404825,-1985167269
-414404825,-1978934827
2,-1975363357
1108618849,-1975363357
-468206372,-1975363357
-468206372,-1975104323
1118369451,-1975104323
-468206372,-1973721287
1118369451,-1973721287
1118369451,-1973195522
2,-1971970987
-468206372,-1971970987
2,-1970625424
2,-1967756015
-414404825,-1949458692
2,-1949068651
2,-1947387975
-414404825,-1945869515
1118369451,-1945869515
2,-1944544139
1118369451,-1944544139
1118369451,-1941947258
2,-1939070543
1118369451,-1939070543
1118369451,-1936951185
-414404825,-1932406360
2,-1932271208
2,-1928379278
1108618849,-1928379278
-414404825,-1928379278
-414404825,-1921636759
1118369451,-1921636759
2,-1916871134
1108618849,-1916871134
-414404825,-1912733554
-468206372,-1909680085
-468206372,-1904543421
1118369451,-1904543421
2,-1900821874
-414404825,-1891585886
1118369451,-1890520336
2,-1889581224
2,-1888563677
2,-1886877839
-414404825,-1886753591
1108618849,-1886753591
-468206372,-1886753591
4,-1878670993
-414404825,-1878670993
-414404825,-1876035765
2,-1874098628
2,-1873945069
-468206372,-1870962597
2,-1862615958
2,-1857209556
1108618849,-1857209556
1118369451,-1857209556
1118369451,-1855427938
2,-1840193033
1108618849,-1840193033
2,-1836733960
1108618849,-1836733960
1118369451,-1834818298
2,-1833471253
-414404825,-1833471253
1118369451,-1826907462
2,-1825227984
-414404825,-1825133807
2,-1821820400
1118369451,-1821636100
2,-1821469957
-414404825,-1821469957
-468206372,-1821469957
2,-1818996774
1108618849,-1816286183
-414404825,-1816286183
1118369451,-1816286183
-468206372,-1814317650
1118369451,-1811297447
2,-1807085273
-468206372,-1807085273
1118369451,-1807085273
2,-1803346962
2,-1798154893
-468206372,-1798154893
2,-1794644020
-414404825,-1794644020
2,-1788150609
-468206372,-1785517021
-468206372,-1784852098
1118369451,-1774632343
1118369451,-1774170009
-414404825,-1773879820
2,-1765581412
1108618849,-1759006378
-468206372,-1759006378
1118369451,-1759006378
1118369451,-1758684981
-414404825,-1756920563
1108618849,-1756920563
1118369451,-1756920563
1108618849,-1754371581
-468206372,-1754371581
-414404825,-1752774315
2,-1752612200
1108618849,-1752612200
-468206372,-1752612200
-414404825,-1752547770
2,-1752379704
2,-1750194190
-468206372,-1750194190
-414404825,-1744278390
-468206372,-1744278390
2,-1741754252
1108618849,-1741118007
1118369451,-1741118007
-414404825,-1741013917
1118369451,-1740820368
2,-1737497338
-468206372,-1737497338
2,-1734021530
1118369451,-1734021530
1108618849,-1732718961
-468206372,-1732718961
1118369451,-1729176439
2,-1722241172
-468206372,-1722241172
1118369451,-1722241172
2,-1713438834
1118369451,-1712931078
-414404825,-1706272021
1118369451,-1701612767
2,-1694981415
1108618849,-1692017997
-414404825,-1692017997
-468206372,-1692017997
1118369451,-1689997503
-414404825,-1688527335
1118369451,-1686526082
-414404825,-1674220132
2,-1668047650
1108618849,-1668047650
-414404825,-1662114132
1118369451,-1660744628
2,-1655511666
-468206372,-1655511666
1118369451,-1652678851
2,-1652056669
1108618849,-1652056669
1108618849,-1643921139
2,-1640077323
2,-1639511846
1108618849,-1639511846
1118369451,-1630034735
2,-1629103190
1108618849,-1629103190
-468206372,-1629103190
1118369451,-1629103190
2,-1620246891
-468206372,-1620246891
2,-1618499652
-414404825,-1615721016
1118369451,-1612634041
2,-1612206014
2,-1607419416
-414404825,-1604567657
1118369451,-1604500223
1118369451,-1603705704
2,-1601088210
-468206372,-1601088210
2,-1595459828
1118369451,-1595459828
1118369451,-1586464136
2,-1584290599
-414404825,-1580417247
2,-1572539016
-414404825,-1572539016
-414404825,-1563362092
2,-1561099026
2,-1560984391
1108618849,-1560984391
1108618849,-1554900957
-468206372,-1554900957
2,-1546612848
-414404825,-1546368718
1118369451,-1545885832
1118369451,-1545729492
2,-1544072505
-414404825,-1536956159
-468206372,-1535521230
1118369451,-1535521230
-414404825,-1534243178
-414404825,-1528126725
1118369451,-1528126725
2,-1526581491
-468206372,-1526581491
2,-1520682195
1108618849,-1520682195
-468206372,-1520682195
1118369451,-1517508680
1118369451,-1516999058
-414404825,-1503103644
1108618849,-1502047758
1118369451,-1502047758
2,-1499887260
1108618849,-1499887260
-414404825,-1499334607
2,-1495130671
1118369451,-1492557834
1108618849,-1487965312
1118369451,-1487965312
2,-1484065647
1108618849,-1484065647
2,-1482058543
-414404825,-1472498833
1118369451,-1472498833
1118369451,-1461767349
-414404825,-1459792137
-468206372,-1459792137
1118369451,-1458349801
-414404825,-1441698088
1108618849,-1439320474
1118369451,-1439320474
-468206372,-1438066158
-414404825,-1427646499
1108618849,-1427646499
-468206372,-1427646499
2,-1424790954
1118369451,-1421383892
2,-1412440851
1108618849,-1412440851
2,-1410621235
2,-1410232671
-414404825,-1410232671
1108618849,-1408668124
1118369451,-1408668124
2,-1408336355
1118369451,-1408090087
2,-1405806611
1108618849,-1405806611
-468206372,-1405806611
-414404825,-1397042007
2,-1395917147
2,-1390422914
1118369451,-1390422914
1118369451,-1386427664
2,-1379886142
-468206372,-1378767682
2,-1364507627
-414404825,-1359323431
2,-1358102549
2,-1349793997
1118369451,-1349793997
1118369451,-1348010855
2,-1347592066
-414404825,-1347592066
1118369451,-1347592066
-414404825,-1344481449
1118369451,-1335900789
1108618849,-1333065799
2,-1327459328
-468206372,-1319842938
1118369451,-1319842938
2,-1315777962
2,-1315746537
1108618849,-1315746537
-468206372,-1315746537
2,-1314324997
1118369451,-1314324997
-414404825,-1308912149
4,-1304642504
1108618849,-1304642504
2,-1298359820
-468206372,-1298359820
1118369451,-1298359820
1108618849,-1290252050
1118369451,-1290252050
2,-1287209163
1118369451,-1287209163
2,-1286386564
-468206372,-1284715162
1118369451,-1284715162
2,-1278170053
1118369451,-1278170053
2,-1274869514
1118369451,-1274869514
1118369451,-1274378527
-414404825,-1270270050
-414404825,-1268780202
-468206372,-1268780202
-414404825,-1267500490
1118369451,-1247871583
2,-1244385053
-414404825,-1244385053
-468206372,-1244385053
2,-1242436758
1108618849,-1241473171
-468206372,-1241473171
2,-1238857442
-414404825,-1237690498
1108618849,-1237347828
1118369451,-1237347828
1118369451,-1234123903
2,-1223002962
-414404825,-1223002962
-414404825,-1218506847
-468206372,-1218506847
-414404825,-1214381712
-414404825,-1208085590
2,-1208085590
2,-1206143668
1118369451,-1206143668
1118369451,-1191896232
-414404825,-1185153256
-468206372,-1185153256
1118369451,-1176717802
1118369451,-1172236215
2,-1171625876
2,-1166692144
-468206372,-1166692144
1118369451,-1154414117
2,-1151889584
2,-1151096046
2,-1149235490
-468206372,-1147993227
1118369451,-1147993227
-414404825,-1145143849
-468206372,-1135684630
1118369451,-1135684630
2,-1129636013
-414404825,-1129636013
2,-1121097180
2,-1115464877
-468206372,-1115464877
-414404825,-1113418727
2,-1100039304
2,-1097371610
-468206372,-1097371610
1118369451,-1097371610
2,-1095993686
1118369451,-1088784128
1108618849,-1082307269
-468206372,-1082307269
1118369451,-1080896328
2,-1080300340
2,-1075540956
1108618849,-1075540956
-468206372,-1075540956
2,-1069803271
2,-1066310288
1118369451,-1065515513
1108618849,-1063318697
1118369451,-1063318697
1118369451,-1061923089
2,-1054841824
2,-1053485524
1108618849,-1053485524
2,-1045277459
-414404825,-1036308373
2,-1029444131
1108618849,-1029444131
-468206372,-1029444131
1118369451,-1029444131
1118369451,-1024930165
1108618849,-1021878680
1118369451,-1021878680
2,-1019190374
1118369451,-1019190374
2,-1017597417
-468206372,-1017597417
-414404825,-1017053915
2,-1014947624
-414404825,-1014947624
-468206372,-1014947624
2,-1013731392
-468206372,-1011658067
1118369451,-1011658067
2,-1002613009
-468206372,-997297373
1118369451,-997297373
2,-994722730
-468206372,-994722730
2,-993440859
-468206372,-993440859
2,-992109134
-468206372,-992109134
1118369451,-992109134
-414404825,-992067108
-414404825,-979434134
2,-978139911
1108618849,-978139911
1118369451,-978139911
2,-972988757
2,-965202684
1118369451,-965202684
2,-965181658
2,-962771890
-468206372,-962771890
1118369451,-959463304
2,-958725997
1108618849,-958725997
-468206372,-958725997
1118369451,-958725997
2,-957774892
1118369451,-956177796
-414404825,-951743255
1118369451,-938394802
1118369451,-936148090
1118369451,-934145635
-468206372,-932144956
2,-921714505
1118369451,-921714505
1118369451,-918459421
1118369451,-918003427
2,-907829352
2,-905772666
-468206372,-905772666
1118369451,-905772666
-468206372,-904737371
2,-899062381
4,-898175613
2,-898175613
1118369451,-898175613
2,-895209630
1118369451,-895209630
2,-895143400
2,-888898485
2,-888826939
-414404825,-888826939
-468206372,-888826939
1118369451,-888826939
2,-888614622
1108618849,-888614622
1118369451,-888614622
2,-888585595
-468206372,-888585595
-414404825,-885736199
-414404825,-884516941
1118369451,-883040027
-414404825,-879751798
2,-875160437
-468206372,-875160437
-414404825,-874136642
2,-866950604
2,-866748096
-414404825,-863187854
1118369451,-850179086
2,-847622184
-414404825,-838216006
-414404825,-837656154
1118369451,-835542205
-468206372,-834110233
1118369451,-834110233
1118369451,-831992999
1118369451,-829094542
-414404825,-821448938
-414404825,-819218902
1118369451,-819218902
-414404825,-811142067
2,-810866137
-414404825,-810866137
1118369451,-806481983
1118369451,-803257147
2,-802139649
-414404825,-795697280
2,-794780498
2,-792688811
-414404825,-790729619
-414404825,-787434723
1118369451,-786623409
2,-776831116
2,-773664245
-414404825,-773664245
-468206372,-773664245
-414404825,-770302070
2,-767204611
2,-760997843
-414404825,-758965285
2,-749329565
1108618849,-749329565
-468206372,-749329565
-414404825,-743625611
1118369451,-737500145
-414404825,-735049667
1108618849,-730364658
-468206372,-730364658
2,-723135260
-468206372,-713993875
1118369451,-713993875
2,-706818185
1118369451,-706818185
-414404825,-706454706
2,-702838863
1108618849,-702838863
2,-689700606
-414404825,-684617485
2,-683873487
2,-683310396
-468206372,-683310396
2,-681771774
1118369451,-681771774
1118369451,-679625657
2,-676929927
1118369451,-676929927
2,-671363512
-414404825,-671363512
1118369451,-671363512
1118369451,-669461858
2,-668880875
1118369451,-665730372
2,-662020892
1118369451,-662020892
1118369451,-660169751
-414404825,-659256762
-414404825,-649559177
-414404825,-648917119
1118369451,-648917119
-468206372,-645705706
1118369451,-642757196
-414404825,-638210073
-468206372,-631400942
1118369451,-631400942
2,-624410727
-414404825,-624410727
1118369451,-623216125
1118369451,-620710132
-468206372,-620710132
2,-615910693
1108618849,-615910693
-468206372,-615910693
1118369451,-615910693
2,-614353798
-414404825,-610577347
1108618849,-607689255
-468206372,-607689255
1108618849,-606960663
-468206372,-606960663
-468206372,-605222839
1118369451,-605222839
-414404825,-604797870
-468206372,-604797870
1108618849,-599494723
1118369451,-599494723
-414404825,-598994785
2,-592865262
2,-591597891
-414404825,-591597891
-468206372,-591597891
1118369451,-591597891
2,-584879606
2,-580014552
2,-569907600
1108618849,-569907600
-414404825,-566608505
2,-564505614
1118369451,-564505614
2,-558154145
-414404825,-558154145
-468206372,-558154145
2,-556831949
2,-554828228
1118369451,-552051964
1118369451,-549904358
1118369451,-542293964
1118369451,-540002355
-414404825,-527243937
-468206372,-527243937
2,-519773355
-414404825,-519773355
1118369451,-519773355
2,-518949711
1118369451,-516143205
2,-510190135
2,-507154204
-468206372,-507154204
-414404825,-506501611
-468206372,-506501611
1118369451,-499690166
2,-498247323
-468206372,-498153667
1118369451,-498153667
2,-493241832
2,-492359368
-414404825,-489609918
1118369451,-489609918
2,-486421855
1108618849,-486421855
-468206372,-486421855
1118369451,-486421855
2,-480772011
2,-474340428
1118369451,-471182380
-468206372,-469388039
1118369451,-469388039
2,-464556341
-414404825,-462816156
-414404825,-458285164
-468206372,-458285164
-414404825,-456649009
2,-456178953
1108618849,-456178953
1108618849,-450771329
-468206372,-450771329
2,-441617397
1108618849,-441617397
-414404825,-441617397
-468206372,-441617397
-414404825,-440493083
2,-433152778
2,-430362392
1108618849,-430362392
2,-417458560
2,-412340032
-414404825,-386799457
2,-385991763
1118369451,-385991763
-468206372,-385991763
2,-378576556
-414404825,-378576556
1118369451,-367896263
4,-363565542
1108618849,-363565542
-414404825,-355166329
2,-354182610
1118369451,-351107017
2,-344787681
2,-339018028
-468206372,-339018028
1118369451,-339018028
-414404825,-334532110
-414404825,-332550987
2,-332179143
2,-328884807
-468206372,-328884807
1118369451,-325348000
2,-324778934
1108618849,-324778934
-468206372,-324778934
2,-324672961
-468206372,-324504944
1118369451,-324504944
2,-320273276
-414404825,-320273276
-414404825,-317645986
1118369451,-317645986
-468206372,-316072697
1118369451,-316072697
2,-313835688
4,-309544316
-414404825,-309544316
1118369451,-308973219
1118369451,-303331473
2,-299558027
-414404825,-292613154
1108618849,-288957447
1118369451,-288957447
-414404825,-283974652
1118369451,-280910344
2,-278724889
2,-276850325
1118369451,-276850325
2,-276441678
2,-270245354
1118369451,-270245354
1118369451,-269837235
1108618849,-269166735
4,-263933228
2,-263933228
-414404825,-263933228
-468206372,-263262571
1118369451,-263262571
-414404825,-250406154
2,-249146612
1108618849,-249146612
-468206372,-248323822
-468206372,-244608074
1118369451,-244608074
-414404825,-235395146
-468206372,-235395146
2,-233529830
-414404825,-232191137
1108618849,-227971748
1118369451,-227971748
1118369451,-224608778
2,-223440270
1118369451,-223440270
2,-221969953
-468206372,-221969953
-414404825,-221599248
-468206372,-217602268
1118369451,-217602268
2,-217169642
-414404825,-217169642
-468206372,-217169642
2,-214573143
-468206372,-214573143
2,-213443454
-414404825,-213443454
1118369451,-203410766
1108618849,-175824364
-468206372,-175824364
1118369451,-175824364
-414404825,-174643416
-414404825,-173689775
1118369451,-169030048
-468206372,-165774593
1118369451,-165774593
2,-162302613
-414404825,-162302613
1118369451,-162258046
2,-159624356
1108618849,-159624356
-468206372,-159624356
1118369451,-159624356
2,-157776505
-468206372,-157776505
2,-152132081
1118369451,-150212627
1118369451,-140245202
2,-137806521
1108618849,-137806521
2,-137472687
-468206372,-137472687
2,-122881768
2,-117151922
1108618849,-117151922
-468206372,-117151922
1118369451,-117151922
2,-106433815
1118369451,-106433815
2,-105826676
-414404825,-105155831
2,-99763347
-414404825,-99303105
2,-98944742
1118369451,-97824323
-414404825,-94892048
2,-93761987
1118369451,-93761987
-414404825,-92963450
-414404825,-88092151
1118369451,-84758754
2,-82419722
-468206372,-81796576
2,-76351537
1118369451,-74528043
2,-64493603
-468206372,-64493603
2,-61231206
2,-57640646
1108618849,-57640646
-468206372,-57640646
1118369451,-57640646
-414404825,-49073786
-468206372,-49073786
-414404825,-38861646
-414404825,-32217158
1118369451,-26646106
1118369451,-25897653
1108618849,-12853725
1118369451,-12853725
2,-11425864
-414404825,-11425864
1118369451,-11425864
-414404825,-10377092
2,-9998224
1108618849,-9998224
-468206372,-9998224
2,-5736314
1118369451,-3542942
2,-3396213
1118369451,-3396213
1108618849,-841757
2,1
4,1
1108618849,1
-414404825,1
-468206372,1
1118369451,1
-414404825,3
-468206372,3
2,9
1118369451,9
4,250
4,251
1108618849,251
4,656
2,656
4,712
2,712
1108618849,712
2,800
2,894
4,908
1118369451,908
2,913
4,914
2,914
2,918
-468206372,918
4,1299
2,1299
1108618849,1299
4,1330
2,1330
4,1466
2,1466
4,1539
-468206372,1539
4,1543
1108618849,1543
4,1545
2,1545
4,1580
2,1580
-468206372,1580
4,1586
-468206372,1586
4,1607
1118369451,1607
4,2125
-414404825,2125
-468206372,2125
1118369451,2125
2,2127
1108618849,2127
-414404825,2127
-468206372,2127
1118369451,2127
2,2128
1108618849,2128
-468206372,2128
-414404825,2128
1118369451,2128
2,2129
-414404825,2129
1108618849,2129
-468206372,2129
2,2131
4,2131
1118369451,2131
1118369451,2132
4,2152
2,2152
1118369451,2152
4,2153
2,2153
1118369451,2153
4,2590
-468206372,2590
4,2592
1118369451,2592
4,2620
1118369451,2620
4,2622
-468206372,2622
1118369451,2622
4,2624
2,2624
4,2661
2,2661
1108618849,2661
-468206372,2661
2,2681
1108618849,2681
-468206372,2681
4,2689
2,2689
1108618849,2689
4,2751
4,2922
2,2922
-468206372,2922
2,2941
1108618849,2941
-468206372,2941
4,2944
2,2944
1108618849,2944
4,2947
2,2947
2,3114
4,3114
1108618849,3114
-468206372,3114
2,3124
4,3124
1108618849,3124
2,3130
4,3130
1108618849,3130
-468206372,3130
1118369451,3130
4,3244
-468206372,3244
2,3252
4,3252
2,3263
4,3263
1108618849,3263
1108618849,3264
4,3429
2,3429
-468206372,3429
1118369451,3429
4,3482
2,3482
2,3525
1108618849,3525
-468206372,3525
4,3564
2,3564
1108618849,3564
1118369451,3564
4,3579
2,3579
1108618849,3579
1118369451,3579
4,3582
4,3583
2,3583
1108618849,3583
4,3587
4,3590
2,3590
-468206372,3590
4,3592
1108618849,3592
-468206372,3592
4,3597
1118369451,3597
4,3602
4,3608
2,3608
-468206372,3608
4,3610
-468206372,3610
4,3619
-468206372,3620
4,3622
2,3622
1118369451,3622
4,3630
2,3630
1108618849,3630
1118369451,3630
4,3632
2,3632
1108618849,3632
1118369451,3632
4,3633
2,3633
1108618849,3633
4,3634
2,3634
1108618849,3634
4,3636
2,3638
1118369451,3638
4,3643
2,3643
1118369451,3643
4,3647
2,3647
-468206372,3647
4,3650
1108618849,3650
4,3651
4,3657
-468206372,3657
1118369451,3657
2,3658
4,3658
4,3661
1118369451,3661
4,3662
4,3668
1118369451,3668
2,3669
4,3669
1108618849,3669
-468206372,3669
1118369451,3669
4,3676
2,3676
4,3678
-468206372,3678
2,3681
4,3681
1108618849,3681
4,3683
1108618849,3685
-468206372,3685
4,3686
2,3686
1108618849,3686
-468206372,3686
4,3698
2,3698
1108618849,3698
-468206372,3698
1118369451,3698
4,3704
2,3704
1108618849,3704
4,3705
2,3705
2,3712
2,3715
1108618849,3715
-414404825,3715
1118369451,3715
-468206372,3715
4,3720
1108618849,3720
-468206372,3720
1108618849,3732
4,3735
2,3735
1108618849,3735
-468206372,3735
4,3742
1108618849,3743
-468206372,3743
1118369451,3743
2,3744
4,3744
-468206372,3746
1118369451,3746
4,3749
1118369451,3749
2,3751
1118369451,3755
2,3759
4,3759
-414404825,3759
2,3764
4,3764
1108618849,3764
-468206372,3764
1118369451,3764
2,3769
4,3769
2,3774
1108618849,3774
-468206372,3774
4,3775
2,3775
-414404825,3775
1118369451,3775
4,3782
2,3782
1108618849,3782
-468206372,3782
2,3783
4,3783
4,3784
1108618849,3784
4,3788
2,3791
4,3794
1108618849,3794
-468206372,3794
4,3803
-468206372,3803
4,3805
2,3805
1108618849,3805
2,3806
4,3806
-414404825,3806
-468206372,3806
4,3810
1118369451,3810
4,3813
1118369451,3813
2,3819
4,3819
-468206372,3819
1118369451,3819
4,3822
1108618849,3822
2,3877
-414404825,3877
-468206372,3877
4,4149
2,4149
-468206372,4149
1118369451,4149
4,4240
2,4240
1108618849,4240
-414404825,4240
4,4242
2,4242
-414404825,4242
-468206372,4242
4,4254
-414404825,4254
4,4371
-468206372,4371
1118369451,4371
4,4417
1118369451,4417
4,4420
2,4420
4,4605
-414404825,4605
-468206372,4832
1118369451,4832
2,4946
-414404825,4946
1108618849,4946
1118369451,4946
-414404825,4970
-468206372,4970
2,5069
1108618849,5069
-468206372,5069
1118369451,5069
4,5210
2,5210
-468206372,5210
1118369451,5210
2,5217
4,5217
1108618849,5217
-468206372,5217
1118369451,5217
2,5246
1118369451,5246
4,5247
1108618849,5247
4,5253
2,5253
4,5257
-414404825,5257
4,5269
-414404825,5269
4,5272
2,5276
4,5280
1118369451,5280
4,5284
2,5284
-468206372,5284
1118369451,5284
4,5286
2,5286
1118369451,5286
1108618849,5298
-414404825,5298
-468206372,5298
4,5309
2,5309
-414404825,5309
1118369451,5309
2,5311
4,5311
1108618849,5311
-468206372,5311
4,5325
2,5325
-468206372,5325
4,5331
2,5331
-468206372,5331
1118369451,5331
2,5332
-468206372,5332
1118369451,5332
4,5333
-414404825,5333
-468206372,5333
2,5335
4,5335
1108618849,5335
-468206372,5335
1118369451,5335
4,5349
2,5349
4,5350
4,5358
2,5358
4,5359
1108618849,5359
-468206372,5359
4,5362
2,5362
2,5368
4,5368
-468206372,5368
1118369451,5368
2,5370
4,5371
1118369451,5371
4,5372
-468206372,5372
1118369451,5372
2,5375
1108618849,5375
1118369451,5375
2,5380
4,5380
-468206372,5380
4,5383
2,5383
1108618849,5384
-468206372,5384
4,5386
2,5386
2,5389
4,5389
1108618849,5389
-468206372,5389
4,5390
4,5393
1108618849,5393
1118369451,5393
2,5400
4,5402
2,5402
4,5406
2,5406
2,5414
4,5414
-414404825,5414
4,5415
2,5415
1108618849,5415
1108618849,5429
1118369451,5429
4,5433
2,5433
1108618849,5433
-468206372,5433
4,5437
2,5437
1108618849,5437
1118369451,5437
2,5440
1108618849,5440
4,5441
4,5450
2,5450
1118369451,5450
2,5452
-414404825,5452
-468206372,5452
1118369451,5452
4,5453
2,5453
2,5455
-468206372,5458
4,5467
4,5469
-468206372,5469
1118369451,5469
2,5473
1108618849,5473
4,5476
2,5476
1108618849,5476
-468206372,5476
4,5479
4,5481
2,5481
-468206372,5481
4,5484
-468206372,5484
2,5485
-468206372,5485
4,5491
1108618849,5491
4,5506
4,5515
2,5515
1118369451,5515
4,5651
2,5651
4,5684
1108618849,5684
4,5698
4,5705
2,5705
1108618849,5705
-468206372,5705
1118369451,5705
2,13541
4,13571
1118369451,13571
4,13586
4,13696
-468206372,13696
1118369451,13696
4,13702
1108618849,13702
2,13974
4,13977
-468206372,13977
4,14251
2,14251
-468206372,14251
4,14506
2,14605
4,14607
4,14748
2,14748
1108618849,14748
4,14818
1108618849,14818
4,15000
2,15000
1108618849,15000
-414404825,15142
1118369451,15142
4,15224
1108618849,15224
1118369451,15224
2,15316
4,15316
4,15320
2,15320
-468206372,15320
4,15549
4,15562
2,15562
2,15762
4,15762
-468206372,15762
2,15764
4,15764
1108618849,15764
2,15766
1108618849,15766
1118369451,15766
1108618849,15772
-468206372,15772
4,15960
2,15960
4,15973
2,15973
4,16091
2,16091
2,16112
1108618849,16112
4,16411
2,16411
-468206372,16411
4,16655
1108618849,16655
2,16684
4,16684
-414404825,16684
-468206372,16684
1118369451,16684
4,16888
-468206372,16888
4,16907
1108618849,16907
2,17117
4,17125
2,17125
-468206372,17125
4,17129
2,17129
1108618849,17129
1118369451,17129
4,17176
1108618849,17176
-468206372,17176
-414404825,18084
-468206372,18084
4,18110
1108618849,18110
-468206372,18110
4,18868
1108618849,18868
4,19150
2,19150
1118369451,19150
4,19294
4,19362
4,19402
-414404825,19402
4,19626
2,19626
1118369451,19626
4,19636
-468206372,19636
4,19711
2,19711
4,19814
2,19814
1118369451,19814
4,19861
2,19861
1108618849,19861
-468206372,19861
4,19866
2,19866
-414404825,19866
1108618849,19866
-468206372,19866
1118369451,19866
4,19868
2,19868
1108618849,19868
-468206372,19868
1118369451,19868
4,19870
2,19870
-414404825,19870
2,19879
1118369451,19879
4,19882
1118369451,19882
4,19885
4,19887
-414404825,19887
4,19890
2,19892
1108618849,19892
-468206372,19892
1118369451,19892
4,19895
2,19895
4,19900
1108618849,19900
1118369451,19900
1108618849,19902
-414404825,19902
-468206372,19902
1118369451,19902
4,19903
4,19913
4,19914
2,19914
-468206372,19914
1118369451,19914
4,19915
-468206372,19915
1118369451,19915
4,19920
1108618849,19920
4,19922
1118369451,19922
4,19925
1108618849,19925
4,19927
-414404825,19927
1108618849,19927
-468206372,19927
1118369451,19927
2,19928
1118369451,19928
4,19932
4,19934
2,19934
-414404825,19934
-468206372,19934
1118369451,19934
2,19935
1108618849,19935
-468206372,19935
4,19936
2,19936
-468206372,19936
1118369451,19936
4,19938
1108618849,19938
-468206372,19938
1118369451,19938
2,19943
4,19948
2,19948
4,19955
2,19955
-468206372,19955
1118369451,19955
4,19958
4,19962
2,19962
-414404825,19962
-468206372,19962
2,19965
4,19965
-468206372,19965
4,19967
-468206372,19967
1118369451,19967
4,19974
4,19987
2,19987
1108618849,19987
4,19988
2,19988
-468206372,19988
1118369451,19988
4,19989
-414404825,19989
-468206372,19989
4,19996
2,19996
-468206372,19996
4,19998
-468206372,19998
1118369451,19998
4,20000
4,20001
4,20005
1108618849,20005
1118369451,20005
-468206372,20005
4,20007
2,20007
4,20011
2,20011
4,20020
-468206372,20020
4,20023
2,20023
-468206372,20023
1108618849,20025
-468206372,20025
4,20028
2,20028
4,20032
1118369451,20032
4,20038
2,20038
4,20042
2,20042
1108618849,20042
-468206372,20042
1118369451,20042
4,20047
2,20047
2,20048
1108618849,20048
-414404825,20048
-468206372,20048
1118369451,20048
4,20052
-414404825,20052
2,20054
4,20054
1118369451,20054
4,20060
2,20060
2,20062
-468206372,20062
1118369451,20062
2,20063
-414404825,20063
4,20068
2,20068
2,20069
4,20069
1108618849,20069
1118369451,20069
4,20073
-468206372,20073
2,20079
1108618849,20079
1118369451,20079
2,20084
1118369451,20084
4,20090
2,20090
1108618849,20090
-468206372,20090
1108618849,20092
-468206372,20092
4,20096
2,20096
1108618849,20096
1118369451,20096
4,20104
1118369451,20104
4,20107
2,20108
-414404825,20108
-468206372,20108
2,20109
2,20110
1118369451,20110
4,20111
2,20111
1108618849,20111
4,20115
1118369451,20115
4,20116
2,20116
1108618849,20116
-468206372,20116
1118369451,20116
4,20124
-468206372,20124
1118369451,20124
4,20126
-468206372,20126
1118369451,20126
2,20127
1108618849,20127
-414404825,20127
-468206372,20127
2,20128
1118369451,20128
2,20131
1108618849,20131
-468206372,20131
4,20141
4,20146
4,20152
2,20152
1118369451,20152
4,20153
-414404825,20153
2,20155
4,20155
-414404825,20155
1108618849,20155
-468206372,20155
1118369451,20155
4,20160
2,20160
1118369451,20160
4,20162
4,20164
1118369451,20164
4,20165
2,20165
1118369451,20165
4,20167
2,20167
1108618849,20167
-468206372,20167
1118369451,20167
4,20169
4,20176
2,20176
4,20179
2,20179
4,20184
2,20184
-414404825,20184
-468206372,20184
4,20185
2,20185
4,20186
2,20186
1108618849,20186
4,20189
1118369451,20189
2,20198
4,20198
1118369451,20198
4,20203
1108618849,20203
-468206372,20203
2,20205
-414404825,20205
1118369451,20205
4,20208
1108618849,20208
4,20211
2,20211
4,20219
2,20219
-468206372,20219
-468206372,20226
1118369451,20226
2,20229
1108618849,20229
-468206372,20229
-468206372,20230
2,20244
4,20244
-414404825,20244
-468206372,20244
1118369451,20244
4,20252
2,20252
-414404825,20252
-468206372,20252
-414404825,20254
1118369451,20254
2,20255
4,20255
1108618849,20255
-414404825,20255
-468206372,20255
1118369451,20255
1118369451,20257
4,20276
4,20290
2,20290
-468206372,20290
1118369451,20290
4,20293
4,20295
4,20296
2,20296
-468206372,20296
1118369451,20296
4,20302
1108618849,20302
1118369451,20302
4,20306
-468206372,20306
1118369451,20306
2,20309
1118369451,20309
1108618849,20311
-468206372,20311
4,20312
1108618849,20313
-468206372,20313
2,20315
4,20315
1108618849,20315
1118369451,20315
2,20318
4,20321
1108618849,20321
4,20322
-468206372,20322
1118369451,20322
4,20327
2,20327
2,20328
4,20328
-468206372,20328
2,20329
4,20329
-468206372,20329
4,20331
1108618849,20331
2,20332
-414404825,20332
-468206372,20332
1118369451,20332
4,20333
-468206372,20333
1118369451,20333
4,20337
-468206372,20337
1118369451,20337
4,20338
1108618849,20338
4,20339
2,20339
4,20343
4,20347
4,20348
2,20348
1118369451,20348
4,20352
4,20353
-468206372,20353
1118369451,20353
4,20354
4,20357
2,20357
-468206372,20357
1118369451,20357
4,20362
-468206372,20362
1118369451,20362
4,20367
2,20367
-468206372,20367
1118369451,20367
1108618849,20370
-468206372,20370
4,20381
2,20381
-468206372,20381
2,20392
4,20392
1108618849,20392
1118369451,20392
4,20394
2,20394
4,20396
-468206372,20396
1118369451,20396
4,20397
4,20399
2,20399
4,20401
4,20404
2,20404
-468206372,20404
1118369451,20404
4,20406
1118369451,20406
4,20417
2,20417
1108618849,20417
-468206372,20417
1118369451,20417
4,20418
1118369451,20418
1108618849,20420
2,20425
4,20425
4,20431
2,20431
4,20433
-468206372,20433
4,20434
1118369451,20434
4,20435
4,20448
2,20448
-468206372,20448
1118369451,20448
4,20453
2,20456
4,20456
-468206372,20456
1118369451,20456
4,20458
4,20462
2,20462
1118369451,20462
2,20463
4,20463
-414404825,20463
1118369451,20463
-468206372,20469
4,20470
2,20470
4,20474
-414404825,20474
-468206372,20474
4,20475
-414404825,20475
-468206372,20475
4,20477
2,20477
1118369451,20477
2,20478
1118369451,20478
2,20482
4,20482
4,20485
1108618849,20485
2,20486
4,20486
4,20488
2,20488
-468206372,20488
2,20489
4,20489
1108618849,20489
-468206372,20489
1118369451,20489
4,20494
1108618849,20494
2,20498
4,20498
-414404825,20498
1118369451,20498
4,20504
2,20504
-468206372,20504
1118369451,20504
4,20505
-468206372,20505
1118369451,20505
1108618849,20508
-468206372,20508
4,20509
2,20512
-414404825,20512
4,20516
2,20516
1108618849,20516
-468206372,20516
4,20517
1118369451,20517
4,20518
1118369451,20518
4,20520
1118369451,20520
4,20525
4,20527
1108618849,20527
-468206372,20527
4,20531
1118369451,20531
4,20535
2,20535
1108618849,20535
1118369451,20535
4,20536
1108618849,20536
-468206372,20536
4,20537
2,20537
-414404825,20537
1108618849,20537
4,20542
1118369451,20542
4,20545
2,20545
1108618849,20545
-468206372,20545
2,20547
-468206372,20547
1118369451,20547
2,20552
1118369451,20552
4,20556
1108618849,20556
4,20567
1118369451,20567
4,20570
2,20570
1118369451,20570
1108618849,20575
1118369451,20575
2,20576
4,20580
2,20580
1118369451,20580
4,20586
1118369451,20586
4,20591
2,20591
1108618849,20591
-468206372,20591
4,20592
2,20592
1108618849,20592
2,20595
4,20595
1108618849,20595
-468206372,20595
4,20597
2,20600
1118369451,20600
4,20770
2,20770
1108618849,20772
1118369451,20772
4,20773
2,20773
1108618849,20773
-468206372,20773
4,20774
-468206372,20774
-468206372,20775
1118369451,20775
4,20779
1118369451,20779
4,20781
2,20781
1118369451,20781
1108618849,20783
1118369451,20783
-468206372,20783
4,20786
1108618849,20786
2,20794
1108618849,20794
-468206372,20794
1118369451,20794
2,20796
4,20796
-414404825,20796
2,20816
-468206372,20816
4,20817
1118369451,20817
2,20822
4,20822
1108618849,20822
-468206372,20822
1118369451,20822
4,20823
1118369451,20823
4,20835
2,20835
1108618849,20835
-468206372,20835
1118369451,20835
2,20836
4,20836
1108618849,20836
-468206372,20836
4,20838
-414404825,20838
-468206372,20838
2,20843
4,20843
-468206372,20843
4,20845
1108618849,20845
1118369451,20845
2,20846
4,20846
1108618849,20846
-468206372,20846
1118369451,20846
2,21022
1108618849,21022
4,21044
2,21044
4,21081
1118369451,21081
4,21083
1118369451,21083
4,21087
1108618849,21087
1118369451,21087
2,21096
4,21105
2,21105
-414404825,21105
4,21115
2,21115
2,21121
-414404825,21122
4,21128
2,21128
1108618849,21128
2,21169
1108618849,21169
-468206372,21169
1108618849,519098
-468206372,519098
1118369451,519098
2,3622457
-414404825,17726991
1118369451,19653541
2,20228732
-414404825,20228732
-468206372,20228732
2,24011421
-468206372,24011421
2,26184934
1118369451,28160250
2,31400271
1118369451,35848485
2,36200093
-468206372,36200093
-414404825,41395658
2,48379784
-468206372,48379784
1118369451,48379784
2,55345143
1108618849,57338107
-414404825,57601482
2,60920436
-414404825,61131391
1118369451,62860216
2,64470400
-414404825,64470400
-414404825,78970584
1118369451,78970584
2,81557616
-414404825,82476211
-414404825,83899982
2,87354475
1108618849,87354475
-468206372,87354475
1118369451,87354475
2,95516444
2,99710621
2,101586007
1108618849,102257599
-468206372,102257599
-468206372,105973528
-468206372,107894507
1118369451,107894507
1118369451,110417715
-414404825,110616143
1108618849,113533048
-414404825,113533048
1118369451,113533048
2,115560900
1118369451,115912877
1118369451,116055886
-414404825,116414497
-414404825,125336829
2,127312870
-414404825,127312870
1118369451,127312870
-414404825,127334804
1108618849,127349692
-414404825,127349692
-468206372,127349692
2,131459422
2,135225908
-468206372,135225908
1118369451,135225908
-414404825,137678446
-468206372,137678446
2,142426981
-414404825,142426981
1118369451,142426981
2,143753653
-414404825,143753653
2,144832737
-414404825,149450898
2,152022580
1108618849,152022580
-414404825,153355722
1118369451,157897911
2,197691218
-414404825,197691218
2,202468735
1118369451,202468735
-414404825,212241401
-414404825,225598837
2,229137167
1118369451,233972835
-468206372,245264107
-414404825,247175324
-468206372,248722490
1118369451,248722490
-468206372,256971065
1118369451,256971065
2,257677773
2,269756263
2,278471360
-468206372,278471360
-414404825,281372172
1118369451,283590329
-468206372,286605550
2,291335611
2,293371594
1108618849,293371594
-414404825,295131096
2,296363229
2,297750317
-468206372,297750317
1118369451,297750317
-414404825,299863994
2,303131985
1118369451,304545623
2,310711718
2,310819108
1118369451,310819108
2,311526051
-414404825,311526051
2,311817621
-414404825,311817621
-414404825,315262926
2,318985946
-468206372,329524437
1118369451,329524437
-414404825,329729223
2,343474542
-468206372,344620998
-414404825,347537854
-468206372,347537854
1118369451,347537854
-414404825,348713267
2,350749724
2,355549790
1118369451,355549790
2,362089967
-414404825,362089967
1118369451,362089967
-414404825,371855878
2,380914970
-414404825,380914970
-468206372,380914970
-468206372,381597637
2,386923130
2,400801028
1118369451,401041954
-468206372,402755903
1118369451,402755903
-414404825,404288898
-414404825,409141107
1118369451,409141107
2,414267312
1118369451,414267312
1118369451,414932788
2,415311453
1118369451,415311453
2,418409043
-414404825,418485343
1118369451,428144058
2,435443191
1118369451,435443191
2,445454908
-468206372,445454908
2,446731591
2,447730203
-414404825,449466618
-468206372,450921201
1118369451,450921201
2,452867825
-414404825,452867825
2,455146186
-414404825,456837923
1118369451,466457850
2,468125966
-414404825,468125966
-468206372,468125966
2,469049375
-414404825,469117365
-468206372,469649378
-414404825,474122479
1118369451,474196747
-414404825,484121936
-468206372,484155893
1118369451,484155893
1108618849,492964073
-468206372,492964073
1118369451,493612797
-468206372,511904790
1118369451,511904790
1108618849,522108641
-414404825,524694000
-414404825,526002860
1108618849,530836932
-414404825,530836932
-468206372,530836932
-414404825,531857971
-414404825,536902024
2,539219179
-414404825,540083028
1118369451,540272915
1118369451,543684888
-414404825,548056291
2,556581835
-468206372,556581835
1118369451,556581835
1118369451,558279442
2,568932450
2,573071413
-414404825,573071413
2,573322492
-414404825,573700749
-468206372,573700749
1118369451,573700749
-468206372,573708024
1118369451,573708024
2,579936819
-468206372,579936819
-414404825,580650476
2,586963223
2,595109564
-414404825,597304899
1118369451,600736615
-468206372,601392420
1118369451,601392420
1108618849,604203235
1118369451,604203235
1118369451,610291244
-414404825,612072537
2,617032725
1118369451,617032725
1108618849,628139339
-468206372,628139339
-468206372,629884729
2,639803954
1108618849,640684254
-468206372,640684254
2,645009710
2,658527413
2,661444098
-468206372,661444098
1118369451,661444098
1118369451,661798661
2,666113141
-468206372,666113141
-414404825,668189170
2,675503518
2,679118608
1118369451,679118608
1118369451,680503698
2,687503254
-468206372,687503254
2,690136139
1118369451,690136139
-414404825,692050711
2,692082084
1108618849,692082084
-414404825,692082084
-468206372,692082084
2,701011270
-414404825,704747106
-414404825,705240631
2,705421382
-468206372,705481455
1118369451,705481455
2,710060995
1118369451,713814867
-414404825,733838501
-414404825,735368125
1108618849,739986668
1118369451,739986668
-414404825,740202519
-468206372,752598096
1118369451,752598096
2,760502761
-468206372,760502761
1118369451,768963263
-468206372,770505630
2,776373186
2,780887053
1118369451,792765790
1118369451,795062125
1118369451,800457223
2,805592673
1118369451,805592673
2,809257791
2,822185511
-414404825,822185511
2,829772666
1108618849,829772666
-468206372,829772666
-468206372,841324394
1118369451,841324394
1118369451,848425649
-414404825,849447043
-468206372,849447043
-414404825,849900463
1108618849,850096698
1118369451,850096698
-414404825,853430405
1118369451,855958943
2,859668090
2,862029298
-414404825,865067987
-414404825,872949778
2,875144713
-468206372,875144713
1118369451,876312686
-468206372,877904740
1118369451,877904740
2,878850932
-414404825,878850932
2,881703171
-468206372,881703171
1118369451,881703171
2,893561703
2,893880495
1108618849,893880495
-414404825,901122059
-468206372,911968862
1118369451,911968862
2,913457968
1108618849,913457968
1118369451,913457968
1118369451,915276292
-414404825,942263488
1108618849,945204089
-468206372,945204089
2,952077577
-468206372,952077577
-414404825,962068884
-414404825,967752589
2,972740247
1118369451,972740247
2,975064961
1118369451,975064961
2,979567033
1108618849,979567033
-468206372,979567033
1108618849,989718886
-468206372,989718886
1118369451,989878375
2,990484280
1118369451,990484280
-414404825,992305566
1118369451,993712444
1118369451,995234036
2,1007085477
1108618849,1007085477
-414404825,1017523475
2,1019423704
-468206372,1019423704
1118369451,1019423704
2,1019813511
-468206372,1019813511
1118369451,1022460740
1118369451,1025766817
2,1030600657
1118369451,1034177971
1108618849,1035172785
-468206372,1035172785
-414404825,1040867892
1118369451,1041889963
4,1045389621
-414404825,1045389621
-414404825,1045846013
2,1053385602
2,1055523925
1108618849,1055523925
-468206372,1055523925
-468206372,1064230252
1118369451,1064230252
2,1084132890
2,1084529745
-414404825,1085052073
1118369451,1088953002
2,1090787792
1118369451,1090787792
2,1094615227
2,1094622745
2,1096518194
-414404825,1096518194
2,1107694549
-414404825,1107694549
1108618849,1109733681
1118369451,1109733681
-414404825,1109734120
1108618849,1109734120
-468206372,1112837812
-414404825,1114671170
-468206372,1114671170
-414404825,1115276703
-468206372,1115276703
2,1115887031
-468206372,1115887031
-414404825,1115957237
1118369451,1118633084
-468206372,1118633084
-414404825,1118796698
1118369451,1118796698
-414404825,1118798742
-414404825,1118901197
1118369451,1118901197
1118369451,1118973908
-414404825,1119230372
1118369451,1119488798
-414404825,1119851611
2,1125259823
2,1134294745
1118369451,1134294745
-414404825,1134888669
2,1150972836
1108618849,1150972836
1118369451,1150972836
2,1151185777
1108618849,1151185777
2,1158617892
2,1174197496
2,1179045089
-468206372,1185217288
1118369451,1185217288
1118369451,1185462515
1118369451,1189783434
2,1192913671
-468206372,1192913671
1118369451,1192913671
2,1199918034
-414404825,1207254734
2,1210619133
-468206372,1210619133
2,1215959014
1108618849,1215959014
-468206372,1215959014
1118369451,1215959014
2,1216793776
-468206372,1216793776
1118369451,1216793776
1118369451,1218669275
-468206372,1218904828
4,1233761362
-414404825,1233761362
1118369451,1233761362
2,1238166615
1118369451,1238166615
2,1239046819
1108618849,1239046819
1118369451,1239046819
2,1239722660
2,1240712506
-414404825,1240712506
1118369451,1240712506
2,1244582883
2,1247361312
2,1248626409
-414404825,1248859819
-414404825,1250375480
2,1256207328
1118369451,1256207328
2,1271891559
-468206372,1271891559
1118369451,1273066585
2,1273988202
-414404825,1273988202
2,1282863797
2,1287444635
-414404825,1287444635
-468206372,1296081232
2,1296855996
4,1296866559
2,1296866559
1108618849,1296866559
-414404825,1296866559
-468206372,1296866559
1118369451,1296866559
1118369451,1298037594
-414404825,1298233406
1118369451,1301857638
2,1308336748
2,1311813574
-414404825,1311813574
1108618849,1311813574
-468206372,1311813574
2,1311921897
2,1313260458
1108618849,1313260458
2,1315750618
-414404825,1315750618
2,1319037065
-468206372,1319037065
1118369451,1319037065
2,1320844547
2,1325863389
1118369451,1331899383
2,1332582371
-414404825,1332582371
1118369451,1332582371
2,1333058836
-468206372,1333058836
-414404825,1333770668
2,1337291484
-414404825,1337291484
2,1344090803
2,1347371947
2,1348834191
1118369451,1349135263
1118369451,1349641278
2,1356811036
1118369451,1356811036
4,1361038871
2,1361354386
2,1368201342
1108618849,1368201342
-414404825,1368338108
2,1369195664
2,1369311433
1108618849,1369311433
-468206372,1369311433
2,1372656065
2,1377520262
2,1378222586
2,1380116378
-468206372,1380839568
2,1382261419
1118369451,1382261419
2,1391453995
-414404825,1399580629
1118369451,1404340337
2,1408139517
2,1415448041
1108618849,1415448041
-414404825,1415448041
2,1418132798
-468206372,1418132798
2,1434188123
-414404825,1438601949
-414404825,1443782892
-414404825,1446612698
-468206372,1446806114
1118369451,1446806114
2,1459106966
1118369451,1459106966
-414404825,1459630377
2,1463840189
-468206372,1463840189
2,1469407550
1118369451,1473828339
1118369451,1474925314
2,1475091808
2,1483318562
-414404825,1483318562
1118369451,1484714551
2,1494621830
1108618849,1494621830
-468206372,1494621830
2,1497302117
2,1497937554
1118369451,1497937554
2,1500949276
2,1501543756
-414404825,1501543756
2,1504134640
2,1504266796
-468206372,1504266796
2,1504911767
-468206372,1504911767
2,1508647254
-414404825,1509413539
-468206372,1515217922
-414404825,1526341181
2,1529422135
1118369451,1529422135
-414404825,1537385170
-414404825,1539430830
1108618849,1544611053
-468206372,1544611053
1118369451,1544611053
-414404825,1546938161
2,1549571367
-414404825,1549571367
-468206372,1549571367
1118369451,1549571367
-414404825,1554061098
2,1572032692
1108618849,1572040549
-468206372,1572040549
1118369451,1583465514
-414404825,1588050449
-414404825,1590045536
2,1590734314
1118369451,1590986884
2,1591313217
2,1599602677
-414404825,1606406508
2,1608444099
-414404825,1609932173
-414404825,1611657210
-468206372,1611657210
2,1612914817
2,1621846972
1108618849,1623702095
2,1623837723
-468206372,1623837723
2,1629977508
1118369451,1630209935
2,1630359425
-414404825,1630359425
2,1630658045
2,1634835565
-414404825,1635992578
-468206372,1647491474
1118369451,1647491474
2,1656718151
2,1656891915
2,1660006030
-414404825,1663060427
2,1663962588
1108618849,1663962588
1118369451,1663962588
2,1670620356
-414404825,1683042211
1118369451,1685030279
2,1685842652
1118369451,1686917092
2,1688290117
1118369451,1688290117
2,1690838047
-414404825,1690838047
-468206372,1690838047
-414404825,1694260547
2,1698666637
1108618849,1698666637
2,1699734867
2,1708578672
2,1710531267
-414404825,1710531267
2,1713992898
2,1721268887
2,1723285035
1108618849,1723523665
-468206372,1723523665
1118369451,1723523665
1118369451,1729149733
2,1735037324
-468206372,1735037324
2,1737636206
1108618849,1737636206
1118369451,1737636206
-468206372,1742286797
1118369451,1742286797
-414404825,1745936561
1108618849,1750464567
-468206372,1750464567
2,1753206187
1108618849,1753206187
-468206372,1753206187
1118369451,1753297989
1108618849,1761914365
-468206372,1761914365
-468206372,1774674592
1118369451,1774674592
2,1777147615
-468206372,1781268140
1118369451,1781268140
-414404825,1787929558
2,1794350499
1118369451,1794376323
2,1795948236
2,1796437770
1108618849,1796437770
1118369451,1796437770
1118369451,1797319653
2,1799115352
1108618849,1799360375
-468206372,1799360375
1118369451,1799360375
2,1802725575
-468206372,1806541629
2,1808186865
-414404825,1808559409
1118369451,1814375587
2,1815604617
2,1817343039
1108618849,1817923897
2,1821318934
-414404825,1824169496
-468206372,1831846909
-414404825,1832258793
2,1833549128
1118369451,1833549128
1118369451,1834360511
-414404825,1835611591
-468206372,1835611591
-414404825,1854302651
1108618849,1855283688
1118369451,1855283688
2,1856442612
2,1864577657
1108618849,1867111586
-468206372,1867111586
2,1868114628
1118369451,1868114628
2,1881797305
1118369451,1881797305
1118369451,1889841607
-414404825,1891522826
-468206372,1891522826
2,1896709993
-468206372,1896709993
1108618849,1898362170
-468206372,1898362170
1118369451,1905921917
2,1908450375
-414404825,1908450375
-468206372,1908450375
-414404825,1908724457
-468206372,1908724457
1118369451,1917258328
-414404825,1927473477
2,1930877101
-414404825,1930877101
2,1937493259
1118369451,1942365320
1118369451,1942978743
-414404825,1951623240
-414404825,1955554886
1118369451,1957058977
1118369451,1966141493
-414404825,1966947245
2,1968693257
1118369451,1971041334
2,1972822190
1118369451,1972822190
-414404825,1974983525
1118369451,1974983525
-414404825,1996537208
2,2000521587
1108618849,2000521587
-414404825,2000521587
-468206372,2000521587
1118369451,2000521587
2,2000715151
1108618849,2000715151
-414404825,2003263463
-468206372,2003263463
-414404825,2006515583
-468206372,2012822790
1118369451,2012822790
1118369451,2015843802
2,2016813082
2,2024345477
1118369451,2024345477
1118369451,2024711276
1108618849,2032634029
-468206372,2032634029
2,2036705423
1108618849,2036705423
-468206372,2036705423
1118369451,2036705423
1118369451,2043499523
-414404825,2045484589
1118369451,2046110843
2,2049148597
1118369451,2054862398
2,2054962527
-414404825,2054962527
-468206372,2054962527
4,2060588179
1108618849,2060588179
2,2062799892
-414404825,2066970095
2,2072905156
-414404825,2073276576
2,2083149980
-414404825,2083670753
1118369451,2092450734
-414404825,2096376757
1118369451,2096376757
1118369451,2097637359
-414404825,2098459233
-468206372,2103300886
1118369451,2103300886
2,2108554788
1108618849,2108554788
-468206372,2108554788
1118369451,2108554788
2,2113905010
2,2117257551
1118369451,2117257551
-414404825,2117963624
1118369451,2119443213
2,2119692847
4,2121677673
2,2121677673
2,2124699078
1118369451,2124699078
2,2128728727
1118369451,2131318742
1118369451,2132810784
-414404825,2147165382
