"WorkID","Title","LibraryID","NumBorrowers","x","y"
-2136981442,"Honeymoon in Space, A",2,22,0.0655592547483451,-1.14346736292654
-2134919697,"Road-Builders, The",2,25,0.187805818525131,0.450660793490464
-2132186735,"Speckled Bird, A",2,49,-1.47307679625654,2.70964014044631
-2113179128,"Our New Selection!",2,55,8.5756671771604,-1.40573759343813
-2110757282,"Imposter, The",2,40,-5.66062136598496,0.0489763509481642
-2102064549,"Wire Tappers, The",2,38,-3.87710002245326,-0.313413898716424
-2092154778,"Sherriff of Dyke Hole, The",2,20,-2.90306840369301,-1.67353540038240
-2088170250,"Sign of the Cross, The",2,37,2.87924727644943,-0.84934185616909
-2080633227,"Pitfall, The",2,32,-3.53602814571487,-0.383785398349873
-2069223754,"American Prisoner, The",2,45,1.13722229701533,1.05518049021247
-2063677168,"Lone Marie",2,21,-0.999161187264815,-0.208721638336089
-2044007068,"Triumph of Hilary Blackland, The",2,40,3.18394404316108,1.93597480004007
-2040396025,"Way of a Man, The",2,53,2.34414628486935,2.73223435514979
-2034496062,"Spitfire, The",2,41,-6.39569334962987,-0.259148360315694
-2025308897,"Mary Gray",2,30,-4.15128337224671,0.153179687948519
-2022641262,"Of Royal Blood",2,30,2.22818356142971,0.765567624082592
-2011808585,"Man from Glengarry, The",2,23,1.49599281202338,1.84329520278714
-1997574116,"Waifs of Circumstance",2,30,-2.88042404905012,-0.496278742110936
-1988766690,"Doctor Xavier",2,40,0.376004009208169,0.441711600661349
-1975363357,"Conspirators",2,34,-4.1382650690326,-0.162083210876565
-1970625424,"Red Saint, The",2,22,-3.68126044644306,-1.2715571503067
-1967756015,"Through Sorrow's Gate",2,33,0.730852203354794,1.78138737656491
-1949068651,"Curse of Clement Waynflete, The",2,28,1.46167749184877,0.0104791504270006
-1947387975,"In Low Water",2,27,4.38260618463965,-0.236023402298177
-1944544139,"Tragedy of Pudd'n'head Wilson, The",2,22,-0.910619073673223,-0.972961243041795
-1939070543,"Master Mummer, The",2,54,-2.21606862492538,0.566920444370277
-1932271208,"Gentleman Rider, A",2,22,4.35240796260954,-3.97853172913006
-1916871134,"Outback Marriage, An",2,41,-3.0868168380383,-1.41725435157297
-1900821874,"Faith of Men and Other Stories, The",2,22,-1.20706842744822,-0.134599166086941
-1889581224,"Castaway, The",2,39,-1.67370545110807,0.965388373047448
-1888563677,"Guinea Stamp, The",2,45,7.0828489382842,4.9802023078451
-1886877839,"King of the Ranges",2,37,7.56580221256104,-9.48438623592967
-1874098628,"Rachel Marr",2,24,0.491751068323974,0.641738495582391
-1873945069,"Red Court Farm, The",2,33,2.58386809942430,0.0103869949764155
-1862615958,"Second Dandy Chater, The",2,28,0.78206678362391,0.72281355827349
-1857209556,"Spinner in the Sun, A",2,33,-2.44589439124066,0.166573386025047
-1840193033,"Bishop of Cottontown, The",2,34,-3.45767644731515,-1.48655274492236
-1825227984,"Life's Web",2,31,5.18805617109659,-9.12487380467188
-1821820400,"Court of Honour, The",2,30,2.92963443445882,0.596386374333256
-1818996774,"Eileen",2,52,5.66547525073514,6.13273070535767
-1803346962,"Brunhilde's Paying Guest",2,32,-3.65041389029285,-0.743018767688909
-1798154893,"Rainbow Island",2,52,1.10793296031976,3.28629771570615
-1788150609,"Anthony Overman",2,25,-2.72525972186405,-0.0290208293461138
-1765581412,"In Wolf's Clothing",2,44,-5.73470676478234,0.140150164004919
-1752612200,"Hearts in Exile",2,48,-1.21451289209734,1.87031421030997
-1752379704,"Deacon Brodie; or, Behind the Mask",2,26,1.24898698072086,-1.87808485171369
-1750194190,"Cap'n Eri",2,26,-2.62224729235229,0.0177876670411621
-1741754252,"Beth Norvell: a Romance of the West",2,39,-4.07283924437002,0.462359461418589
-1737497338,"City of Mystery, The",2,37,0.417428702236718,0.22215638134964
-1722241172,"Patriots, The",2,49,-2.96720018625351,0.973161345371349
-1713438834,"Invaders, The",2,22,0.721933277877994,-0.0183860558271569
-1694981415,"Upstart, The",2,41,-3.21991500235865,-0.97768769699366
-1668047650,"Lovey Mary",2,44,-1.72163968686159,0.889161802851898
-1655511666,"McTodd",2,20,0.71957709593477,0.141769417979938
-1652056669,"Running Water",2,22,-2.69529541951327,-0.174372751127790
-1640077323,"Poor Parson, The",2,39,-2.21180815200227,-1.19041171625664
-1639511846,"Master of Men",2,82,12.0607832171684,4.00453424192600
-1629103190,"Secret, The",2,44,-2.65580743668178,0.639095727205889
-1620246891,"Tempter's Power, The",2,67,5.21110263157571,3.89269759162217
-1618499652,"Tramp Camp, A",2,33,-1.35007131422908,-2.12829630781869
-1612206014,"That Frenchman!",2,22,0.632339811352439,-0.929397673307687
-1607419416,"Socialist, The",2,20,-3.44730030964931,-0.794351549889351
-1584290599,"Mother's Little Girl",2,25,-0.489161533441139,-0.378683520184882
-1561099026,"Man's Fear, A",2,28,-0.930069807619747,0.0727293942099373
-1560984391,"White Fire",2,39,-2.44535684276134,1.83560275082364
-1546612848,"Missionary, The",2,60,9.10535805624329,3.15657530666711
-1544072505,"Priest and the Princess: A Romance of To-Day, The",2,40,2.50386127891927,0.886243799638592
-1526581491,"Anne of Green Gables",2,32,-4.90922640417371,-0.616449753957624
-1520682195,"Katharine Frensham",2,51,2.80109510032944,4.03538324276359
-1499887260,"Wizard's Light, The",2,25,3.08903959166639,1.50344804352281
-1495130671,"Ironmaster's Daughter, The",2,41,-1.56126055464834,-0.915118076072434
-1482058543,"Idol of the Town, The",2,46,-0.612706114333787,1.09597666309129
-1424790954,"St Jude's",2,20,-1.97863758494996,-0.371174007676234
-1412440851,"Wheel o' Fortune, The",2,33,-4.16631135555822,-0.4548349728101
-1410621235,"Hungry Heart, The",2,22,-2.61002408414291,-0.365343861585366
-1408336355,"Nyria",2,21,-0.836735206337907,0.209272822293887
-1405806611,"Only the Governess",2,32,3.18307287224986,0.138479562393899
-1395917147,"Burden of Her Youth, The",2,28,4.24189587288624,1.35020210622352
-1379886142,"Satan Sanderson",2,44,-4.82965133878347,-0.277180438030426
-1364507627,"Seeing Him Through",2,19,3.37009342041222,-4.62759422993492
-1358102549,"Illustrious O'Hagan, The",2,28,-2.13432998318839,0.299790906011504
-1327459328,"Gun Runner, The",2,22,-3.25554028288163,-1.13719393622464
-1315777962,"Made in His Image",2,21,-2.29740338898984,0.096802325245163
-1315746537,"Last Hope, The",2,28,-0.695451517519954,0.278815137664064
-1286386564,"Doctor Luke of the Labrador",2,20,-1.43539787916749,-0.0126060465103983
-1278170053,"Adventures of Captain Kettle",2,18,-0.391377003903307,-2.18434969120551
-1274869514,"Father Anthony",2,25,2.19916838041847,-0.320263729839275
-1242436758,"Between the Dark and the Daylight",2,20,0.279194488035902,-1.29653326492714
-1238857442,"Garden of Lies, The",2,30,-1.13182479335579,0.683104484072463
-1171625876,"Albert Gate Affair, The",2,49,2.62232153343311,2.7590720437061
-1166692144,"Whosoever Shall Offend",2,24,-0.430763902147387,1.56251229639010
-1151889584,"Under the Rose",2,25,-0.185560341291506,0.712746887906653
-1151096046,"Denver's Double",2,24,0.777121532283666,-1.26129121704564
-1149235490,"Over the Border",2,28,1.88007897851377,0.283943620603115
-1121097180,"Buckjumper , The",2,45,-1.90348800731730,-4.92180892063152
-1115464877,"Maids of Paradise, The",2,34,0.47450654221939,1.13262043840340
-1100039304,"Held for Others",2,29,-3.25610892766822,-0.79072908245185
-1095993686,"As We Forgive Them",2,52,1.42579868297251,2.00366322850059
-1080300340,"Marie-ÃƒË†ve",2,29,1.95927989960794,1.65975589222326
-1069803271,"Fordham's Feud",2,28,0.152767497047076,-0.520707455244222
-1066310288,"Rajah's Racer, The",2,21,3.67783024282233,-1.29208351271857
-1054841824,"Ziska",2,28,2.21041935246674,-2.14057647584382
-1053485524,"Pilot at Swan Creek, The",2,23,0.217613428746613,-0.776143569398194
-1045277459,"Story of an Untold Love, The",2,19,-0.581079042259891,-0.260505217263196
-1029444131,"Mr Crewe's Career",2,23,-3.12673968015779,-1.43980726881697
-1019190374,"Pomeroy Abbey",2,29,2.20073194853675,-0.849416601754712
-1017597417,"Love of Richard Herrick, The",2,54,6.93361185826741,5.83076752020272
-1013731392,"Captain Courtesy",2,24,-2.80566852029929,-0.811366020493652
-1002613009,"Driscoll, King of Scouts",2,23,1.12910567707025,-1.6638211768131
-994722730,"Long Arm, The",2,42,-3.98697644873418,-1.11675415116142
-993440859,"Lewis Rand",2,35,-3.96850532010126,-0.269068521733132
-992109134,"Barriers Burned Away",2,18,-0.112291942805689,-1.6669398585122
-978139911,"Strong Man's Vow, A",2,42,-1.75857020347878,-0.534868975405708
-972988757,"Thou Fool",2,42,-5.78694938555816,0.0455426377593601
-965181658,"Sirocco",2,27,-2.44705597016051,-0.868957013216887
-962771890,"Lavender and Old Lace",2,48,-1.30439697207381,3.20309247469876
-958725997,"Flame of Fire, A",2,45,4.12806420981579,2.71564568356160
-957774892,"Virgin in Judgment, The",2,32,-4.47759814028775,-0.705298548849302
-921714505,"Far Horizon, The",2,20,-1.97048271092155,-0.1043070851154
-907829352,"Tree of Heaven, The",2,27,-3.99388984297792,-0.430060491001408
-905772666,"Stella Fregelius: A Tale of Three Destinies",2,40,1.60438175099614,0.943180541467543
-899062381,"By Their Fruits",2,31,-3.91763997251583,-0.151385590373162
-898175613,"On Our Selection",2,60,9.01333176921757,2.98093908360403
-895209630,"Esther Waters",2,40,2.73060498841035,1.97142689720758
-895143400,"Barrier, The",2,35,-4.7563096373707,-0.227274077038797
-888898485,"Warned Off",2,36,6.99068539307544,-15.7268426959060
-888585595,"Original Woman, The",2,24,-1.35070286790350,0.274668860586931
-875160437,"Rising Fortunes",2,22,-2.29582373527855,-0.714575248482728
-866950604,"Honey",2,20,-0.186233891798501,0.227047974508406
-866748096,"Commander Leigh",2,18,0.561949175816268,-0.0147668731447339
-847622184,"Renshaw Fanning's Quest",2,31,2.02559645152397,-0.242678915726268
-810866137,"Scalp-Hunters, The",2,24,1.97240286278721,-7.96861908185964
-802139649,"Human Boy Again, The",2,22,-2.45544797909108,-0.779568700911518
-794780498,"Cherry's Child",2,54,1.67148482188278,3.66042814029711
-792688811,"Corner-Stone, The",2,21,-0.509839322898008,1.15182542804333
-776831116,"If Youth but Knew!",2,22,-1.68794501829967,0.0478136661710069
-767204611,"Lost Provinces, The",2,27,-1.46083256747833,-1.38252760945607
-760997843,"Love Grown Cold",2,36,4.29286306274999,1.99825387372929
-749329565,"Mr Barnes of New York",2,39,1.68069534122268,-0.133738549372012
-723135260,"Dark Horse, The",2,22,2.06264615868913,-5.39805522647207
-702838863,"Joan of the Hills",2,28,-4.09277819243337,-0.382244234924416
-689700606,"Sorceress of the Strand, The",2,29,0.887043737601928,0.591771694148368
-683873487,"Queer Affair, A",2,54,5.7735469661363,2.36116982077922
-683310396,"Man from Red Keg, The",2,25,-1.53318784068495,0.0251673390660965
-676929927,"St Martin's Eve",2,26,4.28063403134568,0.660067596999464
-668880875,"Captain Fortune",2,31,-0.842338671768852,0.417444350285442
-662020892,"Miss Lou",2,19,-0.710917485842996,-1.38420330811173
-624410727,"Pasha of Many Tales, The",2,23,1.44613689266029,1.25321694837169
-615910693,"Virginian, The",2,36,5.28638400949773,2.65612688571772
-614353798,"Princess Kate",2,46,3.74279404236916,2.99256716658124
-592865262,"Hush!",2,54,-4.74135380853501,1.01335224451492
-584879606,"Fashionable Adventures of Joshua Craig, The",2,41,-5.95136327032835,-0.448004770753674
-580014552,"Briar and Palm",2,53,6.38858276981134,5.5494277751411
-569907600,"Maker of History, A",2,23,1.68109976953952,1.82527637691119
-556831949,"Infatuation of the Countess, The",2,32,2.97840355226187,1.24028281537023
-554828228,"Royal Georgie",2,20,-0.127908197908649,-0.388532503493952
-518949711,"Successor, The",2,22,-1.06267294815634,0.467261463888465
-510190135,"First It Was Ordained",2,27,-1.62797381012000,1.27374144717125
-507154204,"Justin Wingate, Ranchman",2,26,-1.8029422439211,-1.37447037921302
-498247323,"Spy Company, The",2,50,3.13637014995604,0.984542905336922
-493241832,"Anthea's Way",2,23,-0.0536691101510203,0.678663972714997
-492359368,"Hearts and Masks",2,38,-2.71496652395287,1.25640081966366
-486421855,"Hearts of Wales",2,43,-0.0197607227044686,1.86840429806105
-480772011,"Call of the South, The",2,26,-5.26812050776841,-2.14293535523607
-474340428,"Margaret",2,31,3.82826068748787,2.49599890701233
-464556341,"Dorrien of Cranston",2,21,-1.88142581044123,-0.263760727977065
-456178953,"Corner in Coffee, The",2,35,-1.22765138868743,1.54015072714963
-433152778,"Tracks We Tread, The",2,26,-3.26072128004044,-1.24667031771475
-430362392,"Wooed and Married",2,43,6.68424506387754,4.19330530631117
-417458560,"Lost Regiment, The",2,29,0.478309709843587,-3.72349289426422
-412340032,"It Came to Pass",2,25,0.950736712310012,1.15090715099013
-354182610,"By Right Divine",2,34,-3.36496582340669,0.0253210002595912
-344787681,"Traitor, The",2,36,-3.44035978543042,-0.0266137445514211
-332179143,"Empty Hotel, The",2,54,2.38220591887554,0.675619964845191
-328884807,"Special Messenger",2,25,-3.46900927173962,-0.425408286648033
-324672961,"Lonely Church, The",2,37,1.79715866213138,3.08364611501948
-313835688,"Town and Bush",2,32,6.57217832059223,-16.3743975662387
-299558027,"Seven Secrets, The",2,49,4.69165624499757,2.56794332031043
-278724889,"World Masters, The",2,43,2.98976743801573,3.22670460245586
-276441678,"Doctor's Double, The",2,26,4.31574716469768,-9.9298547718815
-249146612,"Avengers, The",2,37,-2.85135081700513,0.578473223292781
-233529830,"Married in Haste",2,31,-2.07355518194359,-0.55727383878237
-223440270,"Sheilah McLeod",2,43,6.90489090463058,-0.222560121931138
-214573143,"Big Fellow, The",2,36,-5.22705455396617,-0.127423696464158
-157776505,"Half a Hero",2,39,-3.10993085243553,-0.0075895352609267
-152132081,"Doctor Burton",2,38,-3.70059010078826,0.394980508016435
-137806521,"Light-Fingered Gentry",2,42,-5.29288524976012,-0.492328996905548
-137472687,"In Happy Hollow",2,22,1.80550993354830,0.500018281328456
-122881768,"Deacon and Actress",2,50,3.58940882501929,1.76996457909375
-117151922,"Glengarry Days",2,60,7.43332357629193,5.18974546217799
-105826676,"Sin of Jasper Standish, The",2,27,-0.644623834846097,-1.40222326990401
-99763347,"Criminal Croesus, A",2,24,-0.830328716241064,0.216871406105351
-98944742,"Other Mrs Jacobs, The",2,34,0.227593346379939,1.67383755149378
-82419722,"Miser's Will, The",2,32,2.32027416409405,0.96073747669557
-76351537,"To Pay the Price",2,30,3.09331434960887,1.08165292401071
-64493603,"Adventures of Brigadier Gerard, The",2,41,2.51304182335791,-1.76326446915697
-61231206,"Old Rogue's Tragedy, An",2,23,1.40549601325375,0.308228967763211
-57640646,"Abbess of Vlaye, The",2,21,-0.778738910447783,0.283285296609678
-5736314,"Side-Stepping with Shorty",2,25,-4.01581351309977,-0.659300494545962
9,"Purple Robe, The",2,45,5.36096121897237,2.35500610811143
656,"Sir Roger's Heir",2,34,-0.242853825417393,1.58832335734415
712,"Quicksands",2,25,-2.57941016609308,-0.335391882478238
800,"Slaves of the Padishah, The",2,19,-2.32349958355587,-0.832338885639826
894,"Childerbridge Mystery, The",2,49,7.25161594619232,0.624759653751208
913,"Love Made Manifest",2,39,3.23612333988492,-0.548479029432493
914,"Lust of Hate, The",2,39,5.47715365913218,-0.416849559113198
918,"My Indian Queen",2,49,4.85500961253852,0.795405592167989
1299,"Mary Garth",2,38,2.78774503150827,1.30755857783559
1330,"Ross Durham, Surgeon",2,29,-3.13688452913637,-0.150006736193302
1466,"Profligate, The",2,27,-3.64511440283648,-0.544137106240488
2153,"Allan's Wife",2,24,0.279892549754629,-1.68867353698983
2624,"Show Girl, The",2,31,-3.33795151705729,-1.33135523417457
2661,"I Will Repay",2,42,-4.67056189553758,0.688104772445845
2681,"Scarlet Pimpernel, The",2,46,-3.55077849642004,1.43035425776948
2689,"Tangled Skein, The",2,25,-4.44903539464018,-1.09844117540598
2922,"Beverly of Graustark",2,54,-2.83870362220414,3.12541158283260
2941,"Jane Cable",2,47,-3.95756251098627,0.492784948925605
2944,"Man from Brodneys, The",2,29,-4.21463695839398,-0.557471785231239
2947,"Nedra",2,46,1.18305459855349,3.34400916822106
3114,"Doctor of Crow's Nest, The",2,39,-3.57778665859696,1.07078326277159
3124,"Prospector, The",2,43,0.154086696438836,2.05104935359375
3252,"Meg the Lady",2,47,-1.85418754240507,3.19178290095894
3263,"Tatterley: The Story of a Dead Man",2,30,0.0807834089023541,1.01522369621668
3429,"Her Son",2,40,-3.05754880133106,1.70285394620249
3482,"Waters of Jordan, The",2,38,-6.31495015428109,-0.257109591860905
3564,"Queen of the Rushes: A Tale of the Welsh Revival",2,39,-3.63506524686284,0.750400348758746
3579,"All Men are Liars",2,46,5.55197280772381,1.19757506887785
3590,"Anna the Adventuress",2,61,4.52882841093156,4.4898681462101
3622,"Barlasch of the Guard",2,24,0.0648339780444619,1.34155817898114
3630,"Beatrice",2,23,0.415864646217307,-0.124340718665024
3633,"Beau Brocade",2,39,-4.49015094120117,-0.128617687320795
3634,"Beautiful White Devil, The",2,43,8.08718245355775,-0.096490662700085
3643,"Benita",2,37,-1.72997091126839,-1.29528163702947
3647,"Betrayal, The",2,59,4.83512165943549,3.77457665960901
3658,"Bishop's Scapegoat, The",2,25,-2.74783124140223,-0.450145619219481
3669,"Black Rock",2,35,2.14660748107640,2.30507353513900
3681,"Bottom of the Well, The",2,45,-3.75039987959013,1.28976000977765
3686,"Brewster's Millions",2,52,-4.71160001099556,-0.0575272329311374
3698,"Brothers, The: The True History of a Fight Against Odds",2,48,-3.44561777290368,1.42709580372970
3704,"By Bernon Banks",2,21,1.36882089549266,0.359755319838442
3705,"By Order of the Company",2,25,1.08093598408072,0.80787790075269
3712,"By Wit of Woman",2,45,-3.03638332952234,1.72874298901293
3735,"Garthowen",2,33,-0.403125083399645,0.217369711778237
3744,"Cave Man, The",2,35,-2.49074400010032,0.535866724261181
3751,"Chance of a Lifetime, The",2,47,2.72697430379147,-12.7421742992611
3769,"Cinderella",2,26,1.23249125713037,-0.47949816685417
3782,"Coming of the King, The",2,49,-0.0328954635047178,2.27771103796457
3783,"Compact, The",2,26,-3.06962945485647,-1.24288876720804
3791,"Connie Burt",2,71,15.6131817542766,4.32003786144269
3819,"Crisis, The",2,28,2.7348366290889,1.64473485813609
4420,"My Official Wife",2,42,3.36667105290727,0.0261501918084434
5246,"Deemster, The",2,27,0.842815487794331,0.915779630304061
5253,"Dene Hollow",2,22,2.50733134212219,-1.00298505645948
5276,"Doctor Nikola",2,37,3.11820910768215,-0.739140944846627
5309,"East Lynne",2,20,-0.796520464543087,-2.30276914634124
5325,"Elusive Pimpernel, The",2,32,-3.90103723427997,0.100603218515480
5332,"Esau",2,47,0.785745389626422,2.20900747836560
5335,"Eternal City, The",2,27,4.27397374288492,1.23047675594522
5349,"Face of Clay, The",2,48,-4.30378372952208,-0.647573209259495
5358,"Farewell Nikola",2,37,3.71330908500924,-1.08353634913384
5362,"Fate of Endelloc, The",2,58,7.57595225317528,4.00025684045906
5370,"Fennell's Tower",2,40,-4.25991026407234,-0.133507511995371
5380,"Firing Line, The",2,21,-3.30232933154316,-0.841323821762271
5383,"Flaming June",2,42,-4.15070409064085,-0.709767055633396
5386,"Flower of the Dusk",2,26,-3.35678673110025,0.052311396258239
5400,"Foot of the Rainbow, The",2,26,-3.78146774037892,-1.16575429541226
5402,"Footsteps of a Throne, The: Being the Story of an Idler and of His Work; and of What He Did in Moscow in  the House of the Exile",2,40,1.43454262873467,1.70489670620137
5415,"Four-Leaved Clover",2,29,2.27712797305091,2.48096565294168
5433,"Fugitive Blacksmith, The",2,41,-0.871157554232967,1.35511684663897
5437,"Gambler, The",2,54,-2.57057370393227,1.97913044887244
5440,"Garden of Allah",2,27,-2.21514157079401,0.369092637730185
5453,"Giant's Gate, The",2,23,-0.667570312356544,0.203826677842873
5455,"Gilbert Neal",2,39,-4.93948444576183,-0.130765850970349
5473,"Gold Wolf, The",2,48,3.60706763980721,3.18677822119416
5476,"Goose Girl, The",2,25,-3.3350070900389,-0.562181798929894
5481,"Grafters, The",2,41,0.296934949901678,2.96890478811501
5485,"Greater Love",2,51,6.44876008593414,0.592415399612074
5515,"Lest We Forget",2,40,7.43327451045191,0.843122743284429
5705,"Welsh Witch, A",2,56,2.07459800090914,3.61873054290389
13541,"Mother, The",2,26,-2.57058345310799,0.0184735764541054
13974,"Old Wives for New",2,34,-3.32937035772873,-0.0571141399767816
14605,"Stolen Souls",2,37,-3.15447511682925,-0.353972504389581
14748,"Woman in the Way, The",2,39,-4.03586239594599,-0.4151705577018
15000,"Whispering Smith",2,26,-2.47200207896918,-0.236549123350675
15316,"Lucy of the Stars",2,31,-2.68332867366003,0.43752801334774
15320,"Vagabond, The",2,41,0.992865784880346,1.84925566445026
15562,"My Lost Self",2,39,-5.25106167211836,-0.662603939622344
15764,"Coniston",2,24,-2.32569004486323,0.46959911665616
15766,"Crossing, The",2,43,2.17010370323415,3.68987028177620
15960,"Mr Horrocks Purser",2,23,0.238573782737782,0.674204591285852
16091,"Shadow of a Vendetta, The",2,22,-2.58488043408991,-0.938313410454937
16112,"Shorty McCabe",2,31,-3.46604014381252,0.433605069114477
16411,"Riverman, The",2,31,-4.63872904691697,-1.26482791359144
17117,"Watchers of the Plains, The",2,28,-3.38372119417455,-0.386176987323784
17125,"Lin McLean",2,40,-0.892053531891421,1.03924955116647
17129,"Lady Baltimore",2,35,-3.26231316039683,0.661297267896307
19626,"Jungle, The",2,25,-0.726761868268463,-0.538031116558094
19711,"Justice of Revenge, The",2,29,-1.86891264791765,-1.21290573815387
19814,"Land of the Lost, The; a Tale of the New Zealand Gum Country",2,24,0.828742978271123,0.87696922493492
19861,"Half a Rogue",2,26,-2.32060956258201,0.0733473536728825
19892,"Hounds of the Baskervilles",2,27,1.61849550176184,-1.67692111447955
19895,"House of a Thousand Candles, The",2,41,-2.12431511158222,0.547939819446723
19914,"In the Golden Days",2,19,1.6939636888231,0.073259125905977
19935,"Jeanne of the Marshes",2,30,-3.60811637631777,-1.69807170891187
19943,"Joe Wilson and His Mates",2,28,1.36312811303546,-1.82606726589424
19988,"Letters from a Self-Made Merchant to His Son",2,41,3.47190772080415,3.02343520275437
19996,"Little Brown Jug of Kildare",2,27,-3.31970687676782,-0.271102381629723
20007,"Lord Oakburn's Daughters",2,27,2.39432096660792,-0.44967033056211
20011,"Lost Square, The",2,33,0.906361951146541,0.886749042832394
20023,"Lure of the Mask, The",2,32,-4.09359292368493,-0.855561827560217
20028,"Main Chance, The",2,36,-3.39764077890072,-0.121464640485508
20042,"Man Who Rose Again, The",2,34,-1.52796841280432,-0.251366390655138
20047,"Marriage of William Ashe, The",2,30,-1.44246070790648,1.19626366680377
20060,"Mayfair 2835",2,36,-3.42596295602079,0.658730374314636
20068,"Me and Myn",2,25,-3.3537112357068,0.0764009027187578
20090,"Missioner, The",2,40,-5.23747087419298,-0.733807833725101
20109,"Mr Marx's Secret",2,27,-3.65428429501893,-0.347968892208723
20110,"Mr Meeson's Will",2,26,1.37409782056043,-1.22905280852304
20111,"Mr Opp",2,31,-4.27218842473754,-1.02820713580917
20116,"Mrs Wiggs of the Cabbage Patch",2,27,-1.73793670112258,-0.215527743649653
20131,"Neither Storehouse Nor Barn",2,29,-3.50862508958336,-0.0499820535104954
20167,"On the Wings of the Wind",2,46,1.73640363217393,4.57289803421447
20176,"Over Moor and Fen",2,29,2.42304943699048,0.509901624449226
20179,"Pagan's Cup, The",2,26,1.51651098540324,-1.35825046150238
20186,"Pearl of Pearl Island",2,30,-3.77114042934095,-0.175979849633063
20211,"Port of Missing Men",2,34,-3.04264448267416,0.0959618257843523
20219,"Prince of Sinners, A",2,90,6.00119640181247,6.48424379083724
20229,"Prodigal Son, The",2,24,0.775955890661306,0.510954203430637
20290,"Richard Rosny",2,19,1.49761305941651,0.461150477835056
20318,"Running It Off",2,25,4.12959055728501,-10.2656352791524
20327,"Sandy's Selection",2,34,2.95095930237401,-0.623164073656224
20329,"Scapegoat, The",2,23,1.11973672954781,-0.381171063218513
20332,"Scarlet Letter, The",2,9,0.43413394170457,-1.62082477944205
20339,"Second String, The",2,42,7.14365515732583,-13.3729904035372
20367,"Silence of Dean Maitland, The",2,18,0.284558829613972,0.667768686515245
20381,"Smoking Flax",2,50,5.10965562767178,4.44191197703833
20392,"Sorrows of Satan, The",2,31,4.404866010948,-1.76741416090201
20394,"Soul of Dominic Wildthorne, The",2,39,-3.61786355197789,0.270480725424681
20399,"Spoilers, The",2,42,-2.57410387850186,-0.000527214962882162
20404,"Squatter's Dream, The",2,28,3.00693540355958,-3.73240498019881
20417,"Story of Andrew Fairfax, The",2,39,-2.88652243760086,-0.409483621290027
20425,"Strong Mac",2,41,0.892933556867304,2.05466734980252
20431,"Survivor, The",2,60,5.56729658500023,5.17337274084955
20448,"Temporal Power: A Study in Supremacy",2,28,2.07815299159094,1.59422243706649
20462,"Three Men in a Boat",2,22,1.69733544143410,-0.676314019861466
20470,"Throwback, The: A Romance of the South-West",2,29,-3.06797154618891,-0.664144045723734
20477,"Torn Sails",2,32,1.98244108166540,0.85436072333994
20482,"Trail of the Lonesome Pine, The",2,38,-4.46198684903295,-0.760945764240762
20486,"Travers: A Story of the San Francisco Earthquake",2,34,-4.30984937827577,0.661528637477546
20489,"Treasure of Heaven, The",2,30,-2.11600603735452,0.689915038466934
20512,"Valentine Vox",2,27,2.11905926012506,-2.18633828231489
20535,"Welsh Singer, A",2,25,3.15043310829399,1.69348547050929
20545,"Where Billows Roll",2,24,-4.33111158222691,-0.522367947686342
20547,"While the Billy Boils",2,24,0.731007140901858,-0.382851348722881
20570,"Within the Maze",2,40,5.840908532925,1.32802731930118
20576,"Woman Intervenes, A",2,31,2.99665167389686,0.570453818034724
20580,"Won by Waiting",2,22,3.33999514190977,-0.488524010455386
20591,"Yellow Crayon, The",2,58,1.42140604129535,2.64914148730648
20592,"Yellow God, The",2,26,-2.40322378713494,-1.15523465233660
20595,"Younger Set, The",2,26,-3.60407684201906,-0.304865164855682
20600,"Zillah",2,26,1.08066312156823,0.150329606750745
20770,"Dad in Politics",2,34,-2.64407761756592,-1.60754798463449
20816,"Ghost Camp, The",2,30,3.91578188616423,-2.43634265928208
20822,"Bondman, The",2,22,1.64544004870897,-0.362402021376225
20835,"God's Good Man: A Simple Love-Story",2,46,0.908944848016923,1.74970582223078
20836,"Holy Orders",2,29,-4.26443801771793,-0.723263793353404
20843,"King Spruce",2,39,-5.01723069755034,-1.38864373190802
20846,"Adventures of Sherlock Holmes, The",2,42,5.71462109262895,0.797912223962315
21096,"Her Splendid Sin",2,27,-2.62895596002280,-1.22421569125337
21115,"Lost Leader, A",2,51,-3.82460968130490,1.27977436499836
21121,"On Tour with Troddles",2,24,-3.89796616930178,-1.29679445010698
21169,"Children of the Bush",2,53,5.3486307318196,0.803935023045166
3622457,"Yellow Diamond, The",2,38,2.51134882651216,2.0844322917382
24011421,"Oswald Cray",2,21,3.07839305212546,-0.160707249109034
26184934,"Giraffe Hunters, The",2,8,-0.782771728390926,-3.33291473787882
31400271,"Horse or Blacksmith?",2,40,9.5234836314067,-18.7458222754091
36200093,"Jesters, The",2,32,-0.83891803723295,1.60528378557747
55345143,"Wooing of Esther Gray, The",2,37,2.68013295500270,2.12223320999227
60920436,"Old Man in the Corner, The",2,31,-3.68398056459629,-0.625430852155251
81557616,"My Sword for Lafayette",2,20,-2.11841969186952,-0.625253555053473
87354475,"Heart of Rome, The; a Tale of the 'Lost Water'",2,26,0.720952124422484,2.43014978984391
95516444,"Queenie's Whim",2,34,3.76664242101735,1.4888008528289
99710621,"Jockey Jack",2,27,6.35942445280354,-10.7002623281242
101586007,"Golden Rapids of High Life, The",2,27,0.554473398779872,1.16103214874201
115560900,"Black Cross, The",2,38,-5.25559270422639,-0.887865973755298
131459422,"Sirdar's Oath, The",2,31,1.39010735079877,0.584247971048486
144832737,"Prince Rupert, the Bucaneer",2,28,1.41802171558382,-0.370489237646932
152022580,"White Plumes of Navarre, The",2,23,-1.72168181089900,0.214429150684250
229137167,"Marriage of Lydia Mainwaring, The",2,37,3.34525444880178,1.57385429827779
257677773,"Boy in Green, The",2,47,5.81186165416421,-6.95569125625619
269756263,"Rue with a Difference",2,36,4.41524459493198,2.54231945585567
278471360,"Sunset Trail, The",2,43,-1.06497373012102,1.06711969916098
291335611,"Unseen Jury, The: A Novel",2,39,-4.32378803372542,-0.158519670245445
296363229,"As a Man Lives",2,42,3.87244249008445,2.90854460875655
303131985,"Mollie Deverill",2,26,-3.21410198772872,-0.291219493931928
310711718,"Breachley, Black Sheep",2,25,0.281080479418289,-0.437567647647511
311817621,"Transformation",2,9,-0.260672810699065,-1.08601895827804
318985946,"Her Faithful Knight",2,28,-3.64026846672079,-0.447931414838227
343474542,"King's Secret, The",2,23,0.436327099577398,0.0253876894591479
350749724,"John Burt",2,31,-1.36208662912581,-0.731144359731983
386923130,"Kate Meredith, Financier",2,26,-2.43706909918292,-1.07315960456613
400801028,"Viking Strain, The",2,23,3.75430807177464,-2.13521046886562
414267312,"One in Charity",2,31,-3.18293660369869,-0.0484357077480893
418409043,"Mystery of Mr Bernard Brown, The",2,30,1.53934815696605,0.109712949720416
446731591,"Mother's Son, A",2,32,-3.46859556747358,-0.576666225569938
447730203,"Raymond's Ride",2,62,10.9044266552059,-8.38396677903076
455146186,"Settler of Silver Creek, The",2,39,-5.21240085991635,0.231581378890248
469049375,"Rose of the World",2,30,-2.348204129775,1.22992599310563
539219179,"Lady of the Mount, The",2,27,-3.19319417615038,-0.482098377427308
568932450,"Katrine",2,32,-3.06928837086761,-0.00508386633745681
573322492,"Race of Life, The",2,39,-0.230392062246132,-1.26124042580754
579936819,"For Love or Crown",2,21,-2.10340336556842,-0.372865385053114
586963223,"Kiss of the Enemy, The",2,38,1.97314709687797,2.76430831057545
595109564,"Alien, The",2,27,2.69709864320866,0.425659682781874
639803954,"Veldt Vendetta, A",2,56,4.65395040209778,2.68211549263752
645009710,"Queen of Night, The",2,19,-0.53661721663407,-0.631625785507808
658527413,"Marriage at Sea, A",2,19,0.817372522315214,-1.79297985435054
666113141,"Girl Who Had Nothing, The",2,51,-0.506266130827937,1.61110182735785
675503518,"Consummate Scoundrel, A",2,49,5.40347714824767,-0.379443395895309
690136139,"Without a Home",2,23,4.37681984004489,-0.152831666257847
701011270,"Not So Bad after All",2,21,3.77313201503552,-3.42583933078171
705421382,"Her Own People",2,29,2.26478948454100,1.47691542551428
710060995,"Bronze Bell, The",2,25,-4.14032621548688,-0.82477283667482
760502761,"Castle Omeragh",2,22,0.944089115587728,0.473937551338471
776373186,"International Spy, The",2,41,-1.73906924833048,0.0311086371464441
780887053,"Undertow, The",2,40,-4.22784231085692,0.863479681030778
809257791,"Man with the Opals, The",2,35,-0.566587410559662,0.0522454153552827
822185511,"Wilson's Tales of the Borders",2,19,0.653408256444591,0.237872430817916
829772666,"Ring and the Man, The",2,39,-5.60535165955302,-0.82185502728141
859668090,"Sherrods, The",2,35,1.27094773362876,1.13422243791349
862029298,"Lychgate Hall",2,31,0.538279809748811,1.39070073046337
875144713,"Mettle of the Pasture, The",2,24,-0.0553443203293371,0.973948681821235
881703171,"Master of the Mine, The",2,28,2.82838541277736,1.11632205269598
893561703,"Man from Downing Street, The",2,37,0.859008583803062,1.55700797421853
893880495,"Mam' Linda",2,43,-4.9467676586389,0.86104138268976
913457968,"Sandy",2,42,-0.114275128704631,2.40598743854914
952077577,"Christian's Cross",2,41,0.134853123638039,1.58980418007401
975064961,"Way of the Spirit, The",2,35,-2.28772378208899,-0.0856476072027028
990484280,"From Post to Finish",2,25,2.89248136707502,-1.61876942448163
1007085477,"Moneychangers, The",2,35,-4.61947505243575,-0.326396962666736
1019423704,"Follow the Gleam",2,33,2.26614903925543,1.80869128169271
1030600657,"Perjurer, The",2,20,-2.89078789735988,-1.39190133592980
1053385602,"Grey Cloak, The",2,30,-0.259819201812022,0.876292328985
1084132890,"Kitty Costello",2,53,5.01329786058199,2.89627317781281
1084529745,"White Witch of Mayfair, The",2,24,0.219974881325983,-0.06921586406998
1090787792,"St Elmo",2,25,1.35438266114016,0.0263761007401050
1094615227,"White Mice, The",2,35,-4.60215299859409,-0.255702770129162
1094622745,"Prodigal Father, The",2,32,-4.55541163161383,-0.543997997082185
1115887031,"Master's Violin, The",2,37,-1.07710845707724,0.939137810198345
1125259823,"Boy from Cuba, The",2,38,-0.961632894846886,-4.48528809181049
1134294745,"Man on the Box, The",2,63,-2.67548754685052,0.981521388547936
1150972836,"Maker of Nations, A",2,35,3.34972048933467,-0.795418333306507
1151185777,"Silent Places, The",2,44,-1.98249039714447,0.99656482298504
1158617892,"Jarwick the Prodigal",2,41,1.26066416028780,1.63781866241178
1174197496,"Little Anarchist, The",2,30,-4.51414808258707,-0.87283740072168
1179045089,"Liz",2,35,2.477567159854,2.32413283779880
1192913671,"Lady Betty across the Water",2,26,-2.47365778814123,0.133969255965349
1199918034,"Proud Prince, The",2,23,1.71961561314220,1.92258105794816
1210619133,"Graustark",2,23,-2.53358654294577,-0.496112516685189
1239046819,"Dead Ingleby, The",2,19,-0.937742303721486,-1.10235491309932
1239722660,"Dr. Burton's Success",2,24,-2.80723217124954,-0.842881377585818
1244582883,"Lover or Friend?",2,34,4.87804142994742,0.857046140651596
1247361312,"White Wolf and Other Fireside Tales, The",2,24,-0.327449060546788,-1.56224612171693
1248626409,"French Master, The",2,26,0.51212858493307,-1.3104421152434
1271891559,"Rosalind at Red Gate",2,33,-5.32103259618839,-0.152357131167050
1282863797,"Lindsay O' the Dale, A",2,43,-1.37083889756870,-3.44029670002764
1296855996,"Waif's Progress, A",2,35,-2.99495919477421,0.425038975983202
1308336748,"Daughter of Anderson Crow, The",2,43,-4.65881231968452,-0.284350957275372
1311921897,"Thunder of the Hoofs, The",2,25,-2.23218859078024,-1.05497392010347
1313260458,"John Chilcotte, MP",2,21,-1.35909693805260,0.35160381544755
1320844547,"Gayle Langford",2,31,-4.00787350818753,0.489298922806728
1325863389,"Jack Spurlock, Prodigal",2,29,-3.72269031971421,-0.661569548696648
1333058836,"Rulers of Kings",2,24,0.285794371564202,0.127023269680036
1344090803,"Daughter of a Magnate, The",2,35,4.04728071837527,2.9738792351619
1347371947,"Mr Wingrave, Millionaire",2,62,-2.0202637747432,-0.318056188592466
1348834191,"Whirlwind's Year",2,42,0.274038919088844,-10.9963428277087
1361354386,"Double Barrelled Detective Story, A",2,32,0.386744394139708,-0.966961443658665
1369195664,"Delphine",2,54,4.42546831329172,3.86475831579267
1369311433,"At the Moorings",2,42,2.24062591485999,2.84317853282112
1372656065,"Anglo-Americans",2,30,1.92474665020926,2.26768442387251
1377520262,"Under the Iron Flail",2,34,-0.980527475964735,0.198756536544956
1378222586,"Steve Brown's Bunyip, and Other Stories",2,28,-0.125396888470824,0.137318220347827
1380116378,"Thrown Away",2,35,8.55580870336173,-13.2584848559668
1382261419,"Eye for an Eye, An",2,39,1.66943750013017,-0.71085244076023
1391453995,"Once!",2,35,-2.92804862975275,0.787896765767448
1408139517,"Trials of Commander McTurk, The",2,23,-2.38232352940129,-0.286887942502759
1415448041,"Hunchback of Notre Dame, The",2,20,0.793172702232724,-0.709378992169614
1434188123,"Nurse Charlotte",2,37,3.72329850436842,1.19950864247108
1463840189,"Settler, The",2,23,-3.74459826780827,-0.731998460445557
1469407550,"Branded Name, A",2,34,1.84437777396711,0.738317462298191
1475091808,"Iron Heel, The",2,25,-3.52164491572390,-0.945480826481477
1494621830,"Darrel of the Blessed Isles",2,30,1.16760407964666,0.191090962130446
1497302117,"Secret History of Today",2,28,0.006827592588818,0.86584412972574
1497937554,"Caleb Carthew",2,48,-0.770908511958537,0.571778114355475
1500949276,"Mystery of a Motor-Car, The",2,41,-2.17266727671496,0.171456559061504
1504134640,"League of Twelve, The",2,44,7.22630633133042,0.852948262950143
1508647254,"Household of Peter, The",2,24,0.0808345425532096,1.21925091081501
1572032692,"Law of Life, The",2,19,0.0828664519407964,-0.115851103197248
1590734314,"American Woman, An",2,37,4.41286203479627,2.88985590576794
1591313217,"Lost American, A",2,20,0.067760092763129,-0.209714797720453
1599602677,"Life in a Garrison Town",2,23,1.74510435617302,0.822158765958161
1608444099,"Cumberland Vendetta, A",2,29,-0.646220784871346,0.738049145435737
1612914817,"Jimmy",2,47,3.56553718337598,3.78284883430667
1621846972,"Guy Fulkes of the Towers",2,33,-1.25036182798805,-0.229783967126918
1623837723,"Boss, and How He Came to Rule New York, The",2,42,0.065917780494252,1.42620677931953
1629977508,"Malincourt Keep",2,40,1.08256843482983,1.75657128773441
1630658045,"Blue Ocean's Daughter, The",2,34,-4.40915694551388,-0.0904245759645129
1634835565,"Queen Kate",2,35,-3.66104503211994,-2.10072445333776
1656718151,"By the Gods Beloved",2,45,-2.73839796450977,1.43347975722896
1656891915,"Prince of Swindlers, A",2,35,0.188457798386912,-0.632785990702625
1660006030,"Southerners, The",2,66,5.83340705352789,6.29223069677045
1670620356,"Orphan, The",2,25,-3.08695864563699,-0.713398267206646
1685842652,"Rogue in Love, A",2,22,-0.97912781195552,-1.40162905381343
1698666637,"Pennycomequicks, The",2,26,-0.92208830860157,-0.100484505465148
1699734867,"Free Soil, Free Soul",2,35,1.97760023105575,2.41345199029208
1708578672,"Lone Star, The",2,26,-3.3786974916211,-1.50535466347953
1710531267,"My Novel",2,19,0.963224204285977,-0.961753777267336
1713992898,"Lady of the Cameo, The",2,24,0.827513592816515,-0.500492067126158
1721268887,"Out of the Cypress Swamp",2,25,-1.62136453263960,-1.42460807291553
1723285035,"Rose of Judah, The",2,22,2.04740700509404,0.495062726675723
1735037324,"Peggy of the Bartons",2,21,-0.101441182278471,0.201327520503853
1753206187,"Pit, The",2,33,-0.792277293464042,0.847546985789784
1777147615,"Marty",2,37,3.83139667268532,3.18244475141795
1794350499,"Ghost Kings, The",2,24,-2.60567715670564,-0.950851898738194
1795948236,"Gypsy Roy, a Story of Early Methodism",2,34,-1.23929631455115,0.359507517882181
1796437770,"Crittenden",2,43,-0.969408643311557,2.63395723814141
1799115352,"Johanna",2,24,1.58108320130848,1.20939396055262
1802725575,"In Spite of the Czar",2,42,2.92637763536169,2.51574477839073
1808186865,"Red Derelict, The",2,19,-0.593923517611747,-0.718482647964575
1815604617,"Rickerby's Folly",2,21,0.45433590638539,0.320387933650217
1817343039,"Master of Beechwood, The",2,24,2.60154325815726,1.95033188967662
1821318934,"Pierced Heart, The",2,22,1.06121201027212,-2.26684478554734
1856442612,"Miss Nobody of Nowhere",2,19,0.693814914620279,-0.856245810002597
1864577657,"Magpie Jacket, The",2,27,5.16115963577995,-8.06079378839139
1896709993,"Calling of Dan Matthews, The",2,21,-2.97538068353606,-0.864063278015492
1930877101,"White Chief, The",2,23,2.55134393677429,-7.17850944037567
1937493259,"Girl of Spirit, A",2,57,-3.15277583261325,0.269757800776721
1968693257,"Vision of Beauty, A",2,29,1.98878435877825,-2.43042012729148
1972822190,"Redemption of David Corson, The",2,20,-1.04211153521739,-0.344494923289418
2000715151,"Profit and Loss",2,28,-3.37981968730078,-0.0942995103229575
2016813082,"Woman with the Fan, The",2,38,0.412402569831886,2.65020154559635
2024345477,"Nancy Stair",2,30,-1.32008743224749,1.21665555645247
2036705423,"Little Shepherd of Kingdom Come, The",2,69,6.43632313069736,5.11697780999788
2049148597,"If I Were King",2,26,1.53662090201751,1.82205489871909
2062799892,"Never-Never Land, The",2,29,2.35817244967381,1.36057352050633
2072905156,"Her Majesty's Minister",2,27,2.5265213561373,1.17553111181073
2083149980,"Woman against the World, A",2,38,0.772289680741235,-0.119141088372982
2113905010,"Sword in the Air, The",2,35,1.48865338210561,1.07693205086342
2119692847,"Helen Adair",2,38,-2.90437863823483,-0.143282657122988
2121677673,"Back at Our Selection",2,38,-0.249628419862649,-1.17022792314136
2124699078,"Awakening of Anthony Weir, The",2,47,2.11957591400006,1.29652962084388
2128728727,"Banker and Broker",2,36,6.89684482318236,-13.7693836492076
